Frequency_Hz,Open,High,Low,Close
0.0,14.325655833134112,14.325655833134112,14.325655833134112,14.325655833134112
0.25,0.5245178791403909,0.5245178791403909,0.5245178791403909,0.5245178791403909
0.5,0.5049957254451309,0.5049957254451309,0.5049957254451309,0.5049957254451309
0.75,0.199090572416479,0.199090572416479,0.199090572416479,0.199090572416479
1.25,0.6938035860160188,0.6938035860160188,0.6938035860160188,0.6938035860160188
1.5,0.5139835725397233,0.5139835725397233,0.5139835725397233,0.5139835725397233
1.75,0.3340153727243596,0.3340153727243596,0.3340153727243596,0.3340153727243596
2.25,0.1984670281290911,0.1984670281290911,0.1984670281290911,0.1984670281290911
2.5,0.9617403749640182,0.9617403749640182,0.9617403749640182,0.9617403749640182
2.75,0.9515730335877716,0.9515730335877716,0.9515730335877716,0.9515730335877716
3.25,0.2055827348212016,0.2055827348212016,0.2055827348212016,0.2055827348212016
3.5,0.5596809628781815,0.5596809628781815,0.5596809628781815,0.5596809628781815
3.75,0.1920758909642773,0.1920758909642773,0.1920758909642773,0.1920758909642773
4.0,0.1158076886150232,0.1158076886150232,0.1158076886150232,0.1158076886150232
4.5,0.2120519770327332,0.2120519770327332,0.2120519770327332,0.2120519770327332
4.75,0.6751244452111199,0.6751244452111199,0.6751244452111199,0.6751244452111199
5.0,0.068726738173144,0.068726738173144,0.068726738173144,0.068726738173144
5.5,0.1632464984285997,0.1632464984285997,0.1632464984285997,0.1632464984285997
5.75,0.1391022662933602,0.1391022662933602,0.1391022662933602,0.1391022662933602
6.0,0.7973759318021865,0.7973759318021865,0.7973759318021865,0.7973759318021865
6.5,0.6927398065652497,0.6927398065652497,0.6927398065652497,0.6927398065652497
6.75,1.015340366784636,1.015340366784636,1.015340366784636,1.015340366784636
7.0,0.4905587141745531,0.4905587141745531,0.4905587141745531,0.4905587141745531
7.25,0.4343611587229924,0.4343611587229924,0.4343611587229924,0.4343611587229924
7.75,0.3586505974654863,0.3586505974654863,0.3586505974654863,0.3586505974654863
8.0,0.20691546070084,0.20691546070084,0.20691546070084,0.20691546070084
8.25,0.1073112941039011,0.1073112941039011,0.1073112941039011,0.1073112941039011
8.75,0.6846984718627077,0.6846984718627077,0.6846984718627077,0.6846984718627077
9.0,0.8961310340889795,0.8961310340889795,0.8961310340889795,0.8961310340889795
9.25,0.1496343231022068,0.1496343231022068,0.1496343231022068,0.1496343231022068
9.75,0.7253355911570002,0.7253355911570002,0.7253355911570002,0.7253355911570002
10.0,0.9660047316441704,0.9660047316441704,0.9660047316441704,0.9660047316441704
10.25,0.4197767463117807,0.4197767463117807,0.4197767463117807,0.4197767463117807
10.5,0.1394409639767771,0.1394409639767771,0.1394409639767771,0.1394409639767771
11.0,0.5777477666809154,0.5777477666809154,0.5777477666809154,0.5777477666809154
11.25,0.6161300990000188,0.6161300990000188,0.6161300990000188,0.6161300990000188
11.5,0.6384870570958712,0.6384870570958712,0.6384870570958712,0.6384870570958712
12.0,0.4370466416745632,0.4370466416745632,0.4370466416745632,0.4370466416745632
12.25,0.7865893162050541,0.7865893162050541,0.7865893162050541,0.7865893162050541
12.5,0.7493455444162742,0.7493455444162742,0.7493455444162742,0.7493455444162742
13.0,0.4156587214391091,0.4156587214391091,0.4156587214391091,0.4156587214391091
13.25,0.778522573347827,0.778522573347827,0.778522573347827,0.778522573347827
13.5,0.6300475955459854,0.6300475955459854,0.6300475955459854,0.6300475955459854
13.75,0.6983662877360296,0.6983662877360296,0.6983662877360296,0.6983662877360296
14.25,0.559672862953346,0.559672862953346,0.559672862953346,0.559672862953346
14.5,0.1597860143326693,0.1597860143326693,0.1597860143326693,0.1597860143326693
14.75,0.6751462224476887,0.6751462224476887,0.6751462224476887,0.6751462224476887
15.25,0.5579746170912366,0.5579746170912366,0.5579746170912366,0.5579746170912366
15.5,0.6705622044604639,0.6705622044604639,0.6705622044604639,0.6705622044604639
15.75,0.3426584486298545,0.3426584486298545,0.3426584486298545,0.3426584486298545
16.25,0.3420807316166566,0.3420807316166566,0.3420807316166566,0.3420807316166566
16.5,0.6104939207463238,0.6104939207463238,0.6104939207463238,0.6104939207463238
16.75,0.4707513594924117,0.4707513594924117,0.4707513594924117,0.4707513594924117
17.25,0.4002677892918644,0.4002677892918644,0.4002677892918644,0.4002677892918644
17.5,0.4504668980274192,0.4504668980274192,0.4504668980274192,0.4504668980274192
17.75,0.568842850838409,0.568842850838409,0.568842850838409,0.568842850838409
18.0,0.969433315794721,0.969433315794721,0.969433315794721,0.969433315794721
18.5,0.9279098630258744,0.9279098630258744,0.9279098630258744,0.9279098630258744
18.75,0.1462316698946945,0.1462316698946945,0.1462316698946945,0.1462316698946945
19.0,0.4235724942533096,0.4235724942533096,0.4235724942533096,0.4235724942533096
19.5,0.1209335808723069,0.1209335808723069,0.1209335808723069,0.1209335808723069
19.75,0.6183472925935983,0.6183472925935983,0.6183472925935983,0.6183472925935983
20.0,0.1405060193803308,0.1405060193803308,0.1405060193803308,0.1405060193803308
20.5,0.4993433771360883,0.4993433771360883,0.4993433771360883,0.4993433771360883
20.75,0.3578733246942571,0.3578733246942571,0.3578733246942571,0.3578733246942571
21.0,0.4751141836333793,0.4751141836333793,0.4751141836333793,0.4751141836333793
21.25,0.3029963836674161,0.3029963836674161,0.3029963836674161,0.3029963836674161
21.75,0.3500289205103647,0.3500289205103647,0.3500289205103647,0.3500289205103647
22.0,0.4050061688433125,0.4050061688433125,0.4050061688433125,0.4050061688433125
22.25,0.4970969614061564,0.4970969614061564,0.4970969614061564,0.4970969614061564
22.75,1.0207271909649125,1.0207271909649125,1.0207271909649125,1.0207271909649125
23.0,0.6600903127730156,0.6600903127730156,0.6600903127730156,0.6600903127730156
23.25,0.7966598089661824,0.7966598089661824,0.7966598089661824,0.7966598089661824
23.75,0.1654676686718004,0.1654676686718004,0.1654676686718004,0.1654676686718004
24.0,0.5058683794790472,0.5058683794790472,0.5058683794790472,0.5058683794790472
24.25,0.4537757388903697,0.4537757388903697,0.4537757388903697,0.4537757388903697
24.5,0.3921218675760754,0.3921218675760754,0.3921218675760754,0.3921218675760754
25.0,0.5164390576768947,0.5164390576768947,0.5164390576768947,0.5164390576768947
25.25,0.7495949213042195,0.7495949213042195,0.7495949213042195,0.7495949213042195
25.5,0.4558313780101219,0.4558313780101219,0.4558313780101219,0.4558313780101219
26.0,0.7592969922876289,0.7592969922876289,0.7592969922876289,0.7592969922876289
26.25,0.7480566383755597,0.7480566383755597,0.7480566383755597,0.7480566383755597
26.5,1.354672677552314,1.354672677552314,1.354672677552314,1.354672677552314
27.0,0.6655018585322943,0.6655018585322943,0.6655018585322943,0.6655018585322943
27.25,0.8263183067773208,0.8263183067773208,0.8263183067773208,0.8263183067773208
27.5,0.8366773556365,0.8366773556365,0.8366773556365,0.8366773556365
27.75,0.5711790578324066,0.5711790578324066,0.5711790578324066,0.5711790578324066
28.25,1.0447030751698223,1.0447030751698223,1.0447030751698223,1.0447030751698223
28.5,1.238574515544355,1.238574515544355,1.238574515544355,1.238574515544355
28.75,0.437437877736444,0.437437877736444,0.437437877736444,0.437437877736444
29.25,0.8208019630739739,0.8208019630739739,0.8208019630739739,0.8208019630739739
29.5,0.6996305190604668,0.6996305190604668,0.6996305190604668,0.6996305190604668
29.75,0.2986034598758625,0.2986034598758625,0.2986034598758625,0.2986034598758625
30.25,0.7408086499464295,0.7408086499464295,0.7408086499464295,0.7408086499464295
30.5,0.7749661981283033,0.7749661981283033,0.7749661981283033,0.7749661981283033
30.75,0.4361400095456889,0.4361400095456889,0.4361400095456889,0.4361400095456889
31.0,0.9332505051307196,0.9332505051307196,0.9332505051307196,0.9332505051307196
31.5,0.1157542415891104,0.1157542415891104,0.1157542415891104,0.1157542415891104
31.75,0.1675441227907935,0.1675441227907935,0.1675441227907935,0.1675441227907935
32.0,0.2994422992434507,0.2994422992434507,0.2994422992434507,0.2994422992434507
32.5,0.5700740673846739,0.5700740673846739,0.5700740673846739,0.5700740673846739
32.75,0.2120164310231747,0.2120164310231747,0.2120164310231747,0.2120164310231747
33.0,1.110179166057687,1.110179166057687,1.110179166057687,1.110179166057687
33.5,0.0825666211805257,0.0825666211805257,0.0825666211805257,0.0825666211805257
33.75,1.3754205523249914,1.3754205523249914,1.3754205523249914,1.3754205523249914
34.0,0.6631437442979584,0.6631437442979584,0.6631437442979584,0.6631437442979584
34.5,0.2165765664762823,0.2165765664762823,0.2165765664762823,0.2165765664762823
34.75,0.5813173366884031,0.5813173366884031,0.5813173366884031,0.5813173366884031
35.0,1.0538532283894244,1.0538532283894244,1.0538532283894244,1.0538532283894244
35.25,0.2665647501983242,0.2665647501983242,0.2665647501983242,0.2665647501983242
35.75,0.249006230531744,0.249006230531744,0.249006230531744,0.249006230531744
36.0,0.8962443880329054,0.8962443880329054,0.8962443880329054,0.8962443880329054
36.25,0.4948336052136944,0.4948336052136944,0.4948336052136944,0.4948336052136944
36.75,0.7774021110631659,0.7774021110631659,0.7774021110631659,0.7774021110631659
37.0,0.7456144672591305,0.7456144672591305,0.7456144672591305,0.7456144672591305
37.25,0.2219956639446439,0.2219956639446439,0.2219956639446439,0.2219956639446439
37.75,0.2453062464928678,0.2453062464928678,0.2453062464928678,0.2453062464928678
38.0,0.8173882429898138,0.8173882429898138,0.8173882429898138,0.8173882429898138
38.25,0.6305302182002365,0.6305302182002365,0.6305302182002365,0.6305302182002365
38.5,0.5947783464877716,0.5947783464877716,0.5947783464877716,0.5947783464877716
39.0,0.3419095805741106,0.3419095805741106,0.3419095805741106,0.3419095805741106
39.25,1.1442234486071388,1.1442234486071388,1.1442234486071388,1.1442234486071388
39.5,0.5515543256742603,0.5515543256742603,0.5515543256742603,0.5515543256742603
40.0,0.5027596258544376,0.5027596258544376,0.5027596258544376,0.5027596258544376
40.25,0.5044335820186933,0.5044335820186933,0.5044335820186933,0.5044335820186933
40.5,0.5404590247748938,0.5404590247748938,0.5404590247748938,0.5404590247748938
41.0,0.4067449823262354,0.4067449823262354,0.4067449823262354,0.4067449823262354
41.25,0.0557013494347093,0.0557013494347093,0.0557013494347093,0.0557013494347093
41.5,1.2745599232870064,1.2745599232870064,1.2745599232870064,1.2745599232870064
41.75,0.661780693271893,0.661780693271893,0.661780693271893,0.661780693271893
42.25,0.0929557872157811,0.0929557872157811,0.0929557872157811,0.0929557872157811
42.5,0.4824234599345466,0.4824234599345466,0.4824234599345466,0.4824234599345466
42.75,0.3143992325023718,0.3143992325023718,0.3143992325023718,0.3143992325023718
43.25,0.912935181510736,0.912935181510736,0.912935181510736,0.912935181510736
43.5,0.906525875280048,0.906525875280048,0.906525875280048,0.906525875280048
43.75,1.2438992644679725,1.2438992644679725,1.2438992644679725,1.2438992644679725
44.25,1.0082212199327096,1.0082212199327096,1.0082212199327096,1.0082212199327096
44.5,0.2433566249206742,0.2433566249206742,0.2433566249206742,0.2433566249206742
44.75,0.633512813437312,0.633512813437312,0.633512813437312,0.633512813437312
45.0,0.2608219319005782,0.2608219319005782,0.2608219319005782,0.2608219319005782
45.5,0.1588372796068235,0.1588372796068235,0.1588372796068235,0.1588372796068235
45.75,0.2763189224202708,0.2763189224202708,0.2763189224202708,0.2763189224202708
46.0,0.4131830059097747,0.4131830059097747,0.4131830059097747,0.4131830059097747
46.5,1.2682284675624964,1.2682284675624964,1.2682284675624964,1.2682284675624964
46.75,0.4682296809603719,0.4682296809603719,0.4682296809603719,0.4682296809603719
47.0,0.6577577520557848,0.6577577520557848,0.6577577520557848,0.6577577520557848
47.5,0.5264989045518218,0.5264989045518218,0.5264989045518218,0.5264989045518218
47.75,0.9311197120136808,0.9311197120136808,0.9311197120136808,0.9311197120136808
48.0,0.4919593987282982,0.4919593987282982,0.4919593987282982,0.4919593987282982
48.5,0.0934900015746551,0.0934900015746551,0.0934900015746551,0.0934900015746551
48.75,0.754182959971066,0.754182959971066,0.754182959971066,0.754182959971066
49.0,0.3014219806720056,0.3014219806720056,0.3014219806720056,0.3014219806720056
49.25,0.9013561731325485,0.9013561731325485,0.9013561731325485,0.9013561731325485
49.75,0.2789808682576981,0.2789808682576981,0.2789808682576981,0.2789808682576981
50.0,0.5532507124623843,0.5532507124623843,0.5532507124623843,0.5532507124623843
50.25,1.0374176345313535,1.0374176345313535,1.0374176345313535,1.0374176345313535
50.75,0.3535726871920913,0.3535726871920913,0.3535726871920913,0.3535726871920913
51.0,0.9455192376399983,0.9455192376399983,0.9455192376399983,0.9455192376399983
51.25,1.0706283577057965,1.0706283577057965,1.0706283577057965,1.0706283577057965
51.75,0.3565797892688456,0.3565797892688456,0.3565797892688456,0.3565797892688456
52.0,1.0568680047620858,1.0568680047620858,1.0568680047620858,1.0568680047620858
52.25,0.147078012469142,0.147078012469142,0.147078012469142,0.147078012469142
52.5,0.5823906714264394,0.5823906714264394,0.5823906714264394,0.5823906714264394
53.0,0.7087372584713512,0.7087372584713512,0.7087372584713512,0.7087372584713512
53.25,0.5547759356123985,0.5547759356123985,0.5547759356123985,0.5547759356123985
53.5,0.7069959980932867,0.7069959980932867,0.7069959980932867,0.7069959980932867
54.0,0.902043621145986,0.902043621145986,0.902043621145986,0.902043621145986
54.25,0.2205896224696496,0.2205896224696496,0.2205896224696496,0.2205896224696496
54.5,0.993552380205256,0.993552380205256,0.993552380205256,0.993552380205256
55.0,1.1489026029835645,1.1489026029835645,1.1489026029835645,1.1489026029835645
55.25,0.3045411311654734,0.3045411311654734,0.3045411311654734,0.3045411311654734
55.5,0.4928298524042656,0.4928298524042656,0.4928298524042656,0.4928298524042656
55.75,0.8272209162389847,0.8272209162389847,0.8272209162389847,0.8272209162389847
56.25,0.806831947229061,0.806831947229061,0.806831947229061,0.806831947229061
56.5,1.1245885071529478,1.1245885071529478,1.1245885071529478,1.1245885071529478
56.75,0.6499926082813965,0.6499926082813965,0.6499926082813965,0.6499926082813965
57.25,0.8049938416928568,0.8049938416928568,0.8049938416928568,0.8049938416928568
57.5,0.9564732384684204,0.9564732384684204,0.9564732384684204,0.9564732384684204
57.75,0.800852394613629,0.800852394613629,0.800852394613629,0.800852394613629
58.25,0.720343035682166,0.720343035682166,0.720343035682166,0.720343035682166
58.5,0.4550017652456382,0.4550017652456382,0.4550017652456382,0.4550017652456382
58.75,0.1667204183285071,0.1667204183285071,0.1667204183285071,0.1667204183285071
59.0,0.3344664497280961,0.3344664497280961,0.3344664497280961,0.3344664497280961
59.5,0.4336787065476719,0.4336787065476719,0.4336787065476719,0.4336787065476719
59.75,0.5875129510610266,0.5875129510610266,0.5875129510610266,0.5875129510610266
60.0,0.732503000311426,0.732503000311426,0.732503000311426,0.732503000311426
60.5,0.2982138622545727,0.2982138622545727,0.2982138622545727,0.2982138622545727
60.75,0.3506336931870572,0.3506336931870572,0.3506336931870572,0.3506336931870572
61.0,1.0050415664350978,1.0050415664350978,1.0050415664350978,1.0050415664350978
61.5,0.3644544066183066,0.3644544066183066,0.3644544066183066,0.3644544066183066
61.75,0.5277627781931206,0.5277627781931206,0.5277627781931206,0.5277627781931206
62.0,0.5546387117263573,0.5546387117263573,0.5546387117263573,0.5546387117263573
62.25,0.2466981880784499,0.2466981880784499,0.2466981880784499,0.2466981880784499
62.75,0.5242072862694898,0.5242072862694898,0.5242072862694898,0.5242072862694898
63.0,0.4650921201135528,0.4650921201135528,0.4650921201135528,0.4650921201135528
63.25,0.4088646023403314,0.4088646023403314,0.4088646023403314,0.4088646023403314
63.75,1.0739743459029352,1.0739743459029352,1.0739743459029352,1.0739743459029352
64.0,0.6546780277779254,0.6546780277779254,0.6546780277779254,0.6546780277779254
64.25,0.3293389673617283,0.3293389673617283,0.3293389673617283,0.3293389673617283
64.75,1.0984532070893072,1.0984532070893072,1.0984532070893072,1.0984532070893072
65.0,0.2712388625188746,0.2712388625188746,0.2712388625188746,0.2712388625188746
65.25,0.4450715229100836,0.4450715229100836,0.4450715229100836,0.4450715229100836
65.75,0.954753106350188,0.954753106350188,0.954753106350188,0.954753106350188
66.0,0.9396933907284412,0.9396933907284412,0.9396933907284412,0.9396933907284412
66.25,0.6918494921831106,0.6918494921831106,0.6918494921831106,0.6918494921831106
66.5,1.0032741211136913,1.0032741211136913,1.0032741211136913,1.0032741211136913
67.0,0.5574441832825575,0.5574441832825575,0.5574441832825575,0.5574441832825575
67.25,0.3678411216900794,0.3678411216900794,0.3678411216900794,0.3678411216900794
67.5,0.7551946502756705,0.7551946502756705,0.7551946502756705,0.7551946502756705
68.0,0.3947600445022539,0.3947600445022539,0.3947600445022539,0.3947600445022539
68.25,0.4860632337861653,0.4860632337861653,0.4860632337861653,0.4860632337861653
68.5,0.5387329233829095,0.5387329233829095,0.5387329233829095,0.5387329233829095
69.0,0.6747521451686521,0.6747521451686521,0.6747521451686521,0.6747521451686521
69.25,0.1057554106761091,0.1057554106761091,0.1057554106761091,0.1057554106761091
69.5,1.1505236689982286,1.1505236689982286,1.1505236689982286,1.1505236689982286
69.75,0.456766173469137,0.456766173469137,0.456766173469137,0.456766173469137
70.25,0.359169948158965,0.359169948158965,0.359169948158965,0.359169948158965
70.5,0.7764790812374678,0.7764790812374678,0.7764790812374678,0.7764790812374678
70.75,0.2894368193175924,0.2894368193175924,0.2894368193175924,0.2894368193175924
71.25,0.588903275906291,0.588903275906291,0.588903275906291,0.588903275906291
71.5,0.2672852359285128,0.2672852359285128,0.2672852359285128,0.2672852359285128
71.75,0.6941667400279764,0.6941667400279764,0.6941667400279764,0.6941667400279764
72.25,0.3103068860080296,0.3103068860080296,0.3103068860080296,0.3103068860080296
72.5,0.8153870623525687,0.8153870623525687,0.8153870623525687,0.8153870623525687
72.75,0.631501875869983,0.631501875869983,0.631501875869983,0.631501875869983
73.0,0.1848645116408671,0.1848645116408671,0.1848645116408671,0.1848645116408671
73.5,0.2028946771154783,0.2028946771154783,0.2028946771154783,0.2028946771154783
73.75,0.5192366874740802,0.5192366874740802,0.5192366874740802,0.5192366874740802
74.0,0.940042096581558,0.940042096581558,0.940042096581558,0.940042096581558
74.5,1.1981014215428754,1.1981014215428754,1.1981014215428754,1.1981014215428754
74.75,0.2073241031551476,0.2073241031551476,0.2073241031551476,0.2073241031551476
75.0,0.6610778446650667,0.6610778446650667,0.6610778446650667,0.6610778446650667
75.5,0.4930550265665837,0.4930550265665837,0.4930550265665837,0.4930550265665837
75.75,0.333266999141023,0.333266999141023,0.333266999141023,0.333266999141023
76.0,0.4678028511143356,0.4678028511143356,0.4678028511143356,0.4678028511143356
76.25,1.2006380601655022,1.2006380601655022,1.2006380601655022,1.2006380601655022
76.75,1.2055078648768014,1.2055078648768014,1.2055078648768014,1.2055078648768014
77.0,0.8697865163753115,0.8697865163753115,0.8697865163753115,0.8697865163753115
77.25,0.2520896066013455,0.2520896066013455,0.2520896066013455,0.2520896066013455
77.75,0.3769808402803111,0.3769808402803111,0.3769808402803111,0.3769808402803111
78.0,0.5323009883807958,0.5323009883807958,0.5323009883807958,0.5323009883807958
78.25,0.1238097678715332,0.1238097678715332,0.1238097678715332,0.1238097678715332
78.75,0.5090995874608245,0.5090995874608245,0.5090995874608245,0.5090995874608245
79.0,0.2018902358773464,0.2018902358773464,0.2018902358773464,0.2018902358773464
79.25,0.5652163084511246,0.5652163084511246,0.5652163084511246,0.5652163084511246
79.5,0.5602234005315218,0.5602234005315218,0.5602234005315218,0.5602234005315218
80.0,0.3613057999926268,0.3613057999926268,0.3613057999926268,0.3613057999926268
80.25,0.6000236756765835,0.6000236756765835,0.6000236756765835,0.6000236756765835
80.5,0.1156047650198349,0.1156047650198349,0.1156047650198349,0.1156047650198349
81.0,0.6475102037912227,0.6475102037912227,0.6475102037912227,0.6475102037912227
81.25,0.1361687138026595,0.1361687138026595,0.1361687138026595,0.1361687138026595
81.5,0.4626394445189891,0.4626394445189891,0.4626394445189891,0.4626394445189891
82.0,0.1444661131495082,0.1444661131495082,0.1444661131495082,0.1444661131495082
82.25,0.5617366342337724,0.5617366342337724,0.5617366342337724,0.5617366342337724
82.5,0.9923680337658828,0.9923680337658828,0.9923680337658828,0.9923680337658828
83.0,0.3531272034755882,0.3531272034755882,0.3531272034755882,0.3531272034755882
83.25,0.1476945318403517,0.1476945318403517,0.1476945318403517,0.1476945318403517
83.5,0.3611071330184783,0.3611071330184783,0.3611071330184783,0.3611071330184783
83.75,0.3101741759657458,0.3101741759657458,0.3101741759657458,0.3101741759657458
84.25,0.6062153219961578,0.6062153219961578,0.6062153219961578,0.6062153219961578
84.5,0.2197360760840978,0.2197360760840978,0.2197360760840978,0.2197360760840978
84.75,1.0347871640851087,1.0347871640851087,1.0347871640851087,1.0347871640851087
85.25,0.5364929955120592,0.5364929955120592,0.5364929955120592,0.5364929955120592
85.5,0.8450580151178589,0.8450580151178589,0.8450580151178589,0.8450580151178589
85.75,0.2430686188692569,0.2430686188692569,0.2430686188692569,0.2430686188692569
86.25,0.4844048452620138,0.4844048452620138,0.4844048452620138,0.4844048452620138
86.5,0.4561531444291278,0.4561531444291278,0.4561531444291278,0.4561531444291278
86.75,0.8042026118356711,0.8042026118356711,0.8042026118356711,0.8042026118356711
87.0,0.3391835038834771,0.3391835038834771,0.3391835038834771,0.3391835038834771
87.5,0.2606709450746913,0.2606709450746913,0.2606709450746913,0.2606709450746913
87.75,0.2224908982676949,0.2224908982676949,0.2224908982676949,0.2224908982676949
88.0,0.4032608936257668,0.4032608936257668,0.4032608936257668,0.4032608936257668
88.5,1.0853963410822869,1.0853963410822869,1.0853963410822869,1.0853963410822869
88.75,0.6061372205905254,0.6061372205905254,0.6061372205905254,0.6061372205905254
89.0,0.5962789712454628,0.5962789712454628,0.5962789712454628,0.5962789712454628
89.5,0.8504425096435865,0.8504425096435865,0.8504425096435865,0.8504425096435865
89.75,0.1596330746568338,0.1596330746568338,0.1596330746568338,0.1596330746568338
90.0,0.5408868876723842,0.5408868876723842,0.5408868876723842,0.5408868876723842
90.25,0.0511651001802474,0.0511651001802474,0.0511651001802474,0.0511651001802474
90.75,0.8273092631148448,0.8273092631148448,0.8273092631148448,0.8273092631148448
91.0,0.4324152774097733,0.4324152774097733,0.4324152774097733,0.4324152774097733
91.25,0.1095303198539452,0.1095303198539452,0.1095303198539452,0.1095303198539452
91.75,0.561505205572439,0.561505205572439,0.561505205572439,0.561505205572439
92.0,0.4913082067113403,0.4913082067113403,0.4913082067113403,0.4913082067113403
92.25,0.7607573171166154,0.7607573171166154,0.7607573171166154,0.7607573171166154
92.75,0.4183891318928319,0.4183891318928319,0.4183891318928319,0.4183891318928319
93.0,0.5028919086220293,0.5028919086220293,0.5028919086220293,0.5028919086220293
93.25,0.2470082449393821,0.2470082449393821,0.2470082449393821,0.2470082449393821
93.5,0.1736016668431009,0.1736016668431009,0.1736016668431009,0.1736016668431009
94.0,0.6454584880156667,0.6454584880156667,0.6454584880156667,0.6454584880156667
94.25,0.6492630491411517,0.6492630491411517,0.6492630491411517,0.6492630491411517
94.5,0.4741116259118947,0.4741116259118947,0.4741116259118947,0.4741116259118947
95.0,0.4160535450009461,0.4160535450009461,0.4160535450009461,0.4160535450009461
95.25,0.3923478125584753,0.3923478125584753,0.3923478125584753,0.3923478125584753
95.5,0.6379358523028245,0.6379358523028245,0.6379358523028245,0.6379358523028245
96.0,0.939992318992447,0.939992318992447,0.939992318992447,0.939992318992447
96.25,0.5123677387890123,0.5123677387890123,0.5123677387890123,0.5123677387890123
96.5,0.4747042283220568,0.4747042283220568,0.4747042283220568,0.4747042283220568
97.0,0.7981081688792886,0.7981081688792886,0.7981081688792886,0.7981081688792886
97.25,1.170562604055151,1.170562604055151,1.170562604055151,1.170562604055151
97.5,0.4567401135771977,0.4567401135771977,0.4567401135771977,0.4567401135771977
97.75,0.1882429882988551,0.1882429882988551,0.1882429882988551,0.1882429882988551
98.25,0.4973984508805758,0.4973984508805758,0.4973984508805758,0.4973984508805758
98.5,0.3909661231216868,0.3909661231216868,0.3909661231216868,0.3909661231216868
98.75,0.345309026791049,0.345309026791049,0.345309026791049,0.345309026791049
99.25,0.4192439536293742,0.4192439536293742,0.4192439536293742,0.4192439536293742
99.5,0.794000850010452,0.794000850010452,0.794000850010452,0.794000850010452
99.75,0.4876964270411918,0.4876964270411918,0.4876964270411918,0.4876964270411918
100.25,0.2390386734742687,0.2390386734742687,0.2390386734742687,0.2390386734742687
100.5,0.6556415179822668,0.6556415179822668,0.6556415179822668,0.6556415179822668
100.75,0.5139009097945726,0.5139009097945726,0.5139009097945726,0.5139009097945726
101.0,0.9260893270143572,0.9260893270143572,0.9260893270143572,0.9260893270143572
101.5,0.8943947482347854,0.8943947482347854,0.8943947482347854,0.8943947482347854
101.75,1.1444152005288617,1.1444152005288617,1.1444152005288617,1.1444152005288617
102.0,0.3501247263491929,0.3501247263491929,0.3501247263491929,0.3501247263491929
102.5,0.1647018063527616,0.1647018063527616,0.1647018063527616,0.1647018063527616
102.75,0.690726867165689,0.690726867165689,0.690726867165689,0.690726867165689
103.0,0.6385642348526016,0.6385642348526016,0.6385642348526016,0.6385642348526016
103.5,0.5775370621748152,0.5775370621748152,0.5775370621748152,0.5775370621748152
103.75,0.0973627770870115,0.0973627770870115,0.0973627770870115,0.0973627770870115
104.0,0.3784859509065745,0.3784859509065745,0.3784859509065745,0.3784859509065745
104.25,1.0215156998782535,1.0215156998782535,1.0215156998782535,1.0215156998782535
104.75,0.9653135228721432,0.9653135228721432,0.9653135228721432,0.9653135228721432
105.0,0.8012097198989909,0.8012097198989909,0.8012097198989909,0.8012097198989909
105.25,1.393935786010737,1.393935786010737,1.393935786010737,1.393935786010737
105.75,0.7178431955384004,0.7178431955384004,0.7178431955384004,0.7178431955384004
106.0,0.3302171293421369,0.3302171293421369,0.3302171293421369,0.3302171293421369
106.25,0.9441835575570542,0.9441835575570542,0.9441835575570542,0.9441835575570542
106.75,0.2751684423382325,0.2751684423382325,0.2751684423382325,0.2751684423382325
107.0,0.3036853820131415,0.3036853820131415,0.3036853820131415,0.3036853820131415
107.25,0.2780166019962684,0.2780166019962684,0.2780166019962684,0.2780166019962684
107.5,0.4173327020640562,0.4173327020640562,0.4173327020640562,0.4173327020640562
108.0,0.345113052000201,0.345113052000201,0.345113052000201,0.345113052000201
108.25,0.7235157240192724,0.7235157240192724,0.7235157240192724,0.7235157240192724
108.5,0.5707964546226787,0.5707964546226787,0.5707964546226787,0.5707964546226787
109.0,0.0634170545839244,0.0634170545839244,0.0634170545839244,0.0634170545839244
109.25,0.8110499267448574,0.8110499267448574,0.8110499267448574,0.8110499267448574
109.5,1.0990879688409092,1.0990879688409092,1.0990879688409092,1.0990879688409092
110.0,0.4496922077003366,0.4496922077003366,0.4496922077003366,0.4496922077003366
110.25,0.913776096402664,0.913776096402664,0.913776096402664,0.913776096402664
110.5,0.9461624979273374,0.9461624979273374,0.9461624979273374,0.9461624979273374
110.75,0.9351358819061674,0.9351358819061674,0.9351358819061674,0.9351358819061674
111.25,0.3007604495183525,0.3007604495183525,0.3007604495183525,0.3007604495183525
111.5,0.2260074293764083,0.2260074293764083,0.2260074293764083,0.2260074293764083
111.75,0.4834834293544391,0.4834834293544391,0.4834834293544391,0.4834834293544391
112.25,0.4194301949731399,0.4194301949731399,0.4194301949731399,0.4194301949731399
112.5,1.3076207587701616,1.3076207587701616,1.3076207587701616,1.3076207587701616
112.75,0.5347304023524132,0.5347304023524132,0.5347304023524132,0.5347304023524132
113.25,0.6425330390420066,0.6425330390420066,0.6425330390420066,0.6425330390420066
113.5,0.1381528221298707,0.1381528221298707,0.1381528221298707,0.1381528221298707
113.75,0.1815643189513617,0.1815643189513617,0.1815643189513617,0.1815643189513617
114.25,0.4947078086078369,0.4947078086078369,0.4947078086078369,0.4947078086078369
114.5,0.3523996547775955,0.3523996547775955,0.3523996547775955,0.3523996547775955
114.75,0.1096380327671699,0.1096380327671699,0.1096380327671699,0.1096380327671699
115.0,0.7224747010929787,0.7224747010929787,0.7224747010929787,0.7224747010929787
115.5,0.3162090515068306,0.3162090515068306,0.3162090515068306,0.3162090515068306
115.75,0.9436623452344232,0.9436623452344232,0.9436623452344232,0.9436623452344232
116.0,0.6248341403944659,0.6248341403944659,0.6248341403944659,0.6248341403944659
116.5,0.6174733715736327,0.6174733715736327,0.6174733715736327,0.6174733715736327
116.75,0.7684438904764027,0.7684438904764027,0.7684438904764027,0.7684438904764027
117.0,0.6104295420893362,0.6104295420893362,0.6104295420893362,0.6104295420893362
117.5,0.5109314297444227,0.5109314297444227,0.5109314297444227,0.5109314297444227
117.75,0.5848784371566447,0.5848784371566447,0.5848784371566447,0.5848784371566447
118.0,0.6185571718702945,0.6185571718702945,0.6185571718702945,0.6185571718702945
118.25,0.5581802981909002,0.5581802981909002,0.5581802981909002,0.5581802981909002
118.75,0.461144185734909,0.461144185734909,0.461144185734909,0.461144185734909
119.0,0.4150862408878883,0.4150862408878883,0.4150862408878883,0.4150862408878883
119.25,1.0031289945267303,1.0031289945267303,1.0031289945267303,1.0031289945267303
119.75,0.8060804871787756,0.8060804871787756,0.8060804871787756,0.8060804871787756
120.0,1.2218263349392169,1.2218263349392169,1.2218263349392169,1.2218263349392169
120.25,0.3413242357744219,0.3413242357744219,0.3413242357744219,0.3413242357744219
120.75,0.721111820112226,0.721111820112226,0.721111820112226,0.721111820112226
121.0,0.4913976965815786,0.4913976965815786,0.4913976965815786,0.4913976965815786
121.25,0.6684408046035156,0.6684408046035156,0.6684408046035156,0.6684408046035156
121.5,0.8392746661853804,0.8392746661853804,0.8392746661853804,0.8392746661853804
122.0,0.9527954150888266,0.9527954150888266,0.9527954150888266,0.9527954150888266
122.25,0.7966719243007047,0.7966719243007047,0.7966719243007047,0.7966719243007047
122.5,0.9001100250978102,0.9001100250978102,0.9001100250978102,0.9001100250978102
123.0,0.4276611427029609,0.4276611427029609,0.4276611427029609,0.4276611427029609
123.25,0.6552471082523741,0.6552471082523741,0.6552471082523741,0.6552471082523741
123.5,0.3050743999884557,0.3050743999884557,0.3050743999884557,0.3050743999884557
124.0,0.6452700192836078,0.6452700192836078,0.6452700192836078,0.6452700192836078
124.25,0.7632882440995999,0.7632882440995999,0.7632882440995999,0.7632882440995999
124.5,0.4099395581897909,0.4099395581897909,0.4099395581897909,0.4099395581897909
124.75,0.6289768489366527,0.6289768489366527,0.6289768489366527,0.6289768489366527
125.25,0.535660552856002,0.535660552856002,0.535660552856002,0.535660552856002
125.5,0.2487044623848369,0.2487044623848369,0.2487044623848369,0.2487044623848369
125.75,1.0383307998061844,1.0383307998061844,1.0383307998061844,1.0383307998061844
126.25,0.818186874273795,0.818186874273795,0.818186874273795,0.818186874273795
126.5,0.5552081322560043,0.5552081322560043,0.5552081322560043,0.5552081322560043
126.75,0.9123735094780212,0.9123735094780212,0.9123735094780212,0.9123735094780212
127.25,0.9821633889763782,0.9821633889763782,0.9821633889763782,0.9821633889763782
127.5,0.9559772996913366,0.9559772996913366,0.9559772996913366,0.9559772996913366
127.75,0.5789827410064883,0.5789827410064883,0.5789827410064883,0.5789827410064883
128.0,0.1175897297222376,0.1175897297222376,0.1175897297222376,0.1175897297222376
128.5,0.4852359737930719,0.4852359737930719,0.4852359737930719,0.4852359737930719
128.75,0.0850507588768104,0.0850507588768104,0.0850507588768104,0.0850507588768104
129.0,0.9630841220215282,0.9630841220215282,0.9630841220215282,0.9630841220215282
129.5,0.3973021436600145,0.3973021436600145,0.3973021436600145,0.3973021436600145
129.75,0.4571595420389385,0.4571595420389385,0.4571595420389385,0.4571595420389385
130.0,0.3556871784936316,0.3556871784936316,0.3556871784936316,0.3556871784936316
130.5,0.914145588125391,0.914145588125391,0.914145588125391,0.914145588125391
130.75,1.0041908466491578,1.0041908466491578,1.0041908466491578,1.0041908466491578
131.0,0.8088221981945464,0.8088221981945464,0.8088221981945464,0.8088221981945464
131.5,0.6096501429301928,0.6096501429301928,0.6096501429301928,0.6096501429301928
131.75,0.1302262957623662,0.1302262957623662,0.1302262957623662,0.1302262957623662
132.0,0.7636315145916532,0.7636315145916532,0.7636315145916532,0.7636315145916532
132.25,0.3239981901832796,0.3239981901832796,0.3239981901832796,0.3239981901832796
132.75,0.703155499625959,0.703155499625959,0.703155499625959,0.703155499625959
133.0,0.707992663742174,0.707992663742174,0.707992663742174,0.707992663742174
133.25,0.2325814882843166,0.2325814882843166,0.2325814882843166,0.2325814882843166
133.75,0.5148139923982438,0.5148139923982438,0.5148139923982438,0.5148139923982438
134.0,0.2287850601348217,0.2287850601348217,0.2287850601348217,0.2287850601348217
134.25,0.0343577309251966,0.0343577309251966,0.0343577309251966,0.0343577309251966
134.75,0.8673139235968457,0.8673139235968457,0.8673139235968457,0.8673139235968457
135.0,1.295525677931166,1.295525677931166,1.295525677931166,1.295525677931166
135.25,0.6070703234026827,0.6070703234026827,0.6070703234026827,0.6070703234026827
135.5,0.8079738389139658,0.8079738389139658,0.8079738389139658,0.8079738389139658
136.0,0.3516202484096715,0.3516202484096715,0.3516202484096715,0.3516202484096715
136.25,1.1545146829237938,1.1545146829237938,1.1545146829237938,1.1545146829237938
136.5,0.8707031832827443,0.8707031832827443,0.8707031832827443,0.8707031832827443
137.0,1.002937647124461,1.002937647124461,1.002937647124461,1.002937647124461
137.25,0.3410276758804211,0.3410276758804211,0.3410276758804211,0.3410276758804211
137.5,0.9965219127384862,0.9965219127384862,0.9965219127384862,0.9965219127384862
138.0,0.4868886657740073,0.4868886657740073,0.4868886657740073,0.4868886657740073
138.25,0.3675162356153628,0.3675162356153628,0.3675162356153628,0.3675162356153628
138.5,0.421647323655537,0.421647323655537,0.421647323655537,0.421647323655537
138.75,0.4900182773870147,0.4900182773870147,0.4900182773870147,0.4900182773870147
139.25,0.6169307338496886,0.6169307338496886,0.6169307338496886,0.6169307338496886
139.5,0.1755260987198947,0.1755260987198947,0.1755260987198947,0.1755260987198947
139.75,1.5139939317117763,1.5139939317117763,1.5139939317117763,1.5139939317117763
140.25,0.2642794174816608,0.2642794174816608,0.2642794174816608,0.2642794174816608
140.5,0.9060595938412004,0.9060595938412004,0.9060595938412004,0.9060595938412004
140.75,0.4195904677247732,0.4195904677247732,0.4195904677247732,0.4195904677247732
141.25,1.0499676668619855,1.0499676668619855,1.0499676668619855,1.0499676668619855
141.5,1.2860009474203855,1.2860009474203855,1.2860009474203855,1.2860009474203855
141.75,0.411207886284624,0.411207886284624,0.411207886284624,0.411207886284624
142.0,0.1794464137721333,0.1794464137721333,0.1794464137721333,0.1794464137721333
142.5,0.1600783586406538,0.1600783586406538,0.1600783586406538,0.1600783586406538
142.75,1.02917862452773,1.02917862452773,1.02917862452773,1.02917862452773
143.0,0.8601835424948697,0.8601835424948697,0.8601835424948697,0.8601835424948697
143.5,0.8152947454907432,0.8152947454907432,0.8152947454907432,0.8152947454907432
143.75,0.4101285272832057,0.4101285272832057,0.4101285272832057,0.4101285272832057
144.0,0.5767700337286216,0.5767700337286216,0.5767700337286216,0.5767700337286216
144.5,0.8347116458122288,0.8347116458122288,0.8347116458122288,0.8347116458122288
144.75,0.8310167588328231,0.8310167588328231,0.8310167588328231,0.8310167588328231
145.0,0.2156446598961879,0.2156446598961879,0.2156446598961879,0.2156446598961879
145.5,0.6235387957305708,0.6235387957305708,0.6235387957305708,0.6235387957305708
145.75,0.4559602948440932,0.4559602948440932,0.4559602948440932,0.4559602948440932
146.0,0.7473751696558705,0.7473751696558705,0.7473751696558705,0.7473751696558705
146.25,0.2209798896527952,0.2209798896527952,0.2209798896527952,0.2209798896527952
146.75,0.8516311682099081,0.8516311682099081,0.8516311682099081,0.8516311682099081
147.0,0.5930745281870243,0.5930745281870243,0.5930745281870243,0.5930745281870243
147.25,0.8067387730105382,0.8067387730105382,0.8067387730105382,0.8067387730105382
147.75,0.3160175321101218,0.3160175321101218,0.3160175321101218,0.3160175321101218
148.0,0.5229613573980871,0.5229613573980871,0.5229613573980871,0.5229613573980871
148.25,0.9503909766839204,0.9503909766839204,0.9503909766839204,0.9503909766839204
148.75,0.7684691141687949,0.7684691141687949,0.7684691141687949,0.7684691141687949
149.0,0.656478633665578,0.656478633665578,0.656478633665578,0.656478633665578
149.25,0.2892801153307986,0.2892801153307986,0.2892801153307986,0.2892801153307986
149.5,0.1067293148925061,0.1067293148925061,0.1067293148925061,0.1067293148925061
150.0,0.8960358599637691,0.8960358599637691,0.8960358599637691,0.8960358599637691
150.25,0.5786042396807912,0.5786042396807912,0.5786042396807912,0.5786042396807912
150.5,0.7926955736028236,0.7926955736028236,0.7926955736028236,0.7926955736028236
151.0,1.0286480983007422,1.0286480983007422,1.0286480983007422,1.0286480983007422
151.25,0.662633434081864,0.662633434081864,0.662633434081864,0.662633434081864
151.5,0.3628438870672932,0.3628438870672932,0.3628438870672932,0.3628438870672932
152.0,0.98200354388832,0.98200354388832,0.98200354388832,0.98200354388832
152.25,0.6001717598202185,0.6001717598202185,0.6001717598202185,0.6001717598202185
152.5,0.8376288647623132,0.8376288647623132,0.8376288647623132,0.8376288647623132
152.75,0.2442348873051544,0.2442348873051544,0.2442348873051544,0.2442348873051544
153.25,0.2665294313869772,0.2665294313869772,0.2665294313869772,0.2665294313869772
153.5,0.7030117187227523,0.7030117187227523,0.7030117187227523,0.7030117187227523
153.75,0.7449294155950709,0.7449294155950709,0.7449294155950709,0.7449294155950709
154.25,1.2499367217913553,1.2499367217913553,1.2499367217913553,1.2499367217913553
154.5,1.0984178892045189,1.0984178892045189,1.0984178892045189,1.0984178892045189
154.75,0.6011583802563577,0.6011583802563577,0.6011583802563577,0.6011583802563577
155.25,0.4600869808409846,0.4600869808409846,0.4600869808409846,0.4600869808409846
155.5,0.4585119985093902,0.4585119985093902,0.4585119985093902,0.4585119985093902
155.75,0.6689565804799205,0.6689565804799205,0.6689565804799205,0.6689565804799205
156.0,0.2421557270300527,0.2421557270300527,0.2421557270300527,0.2421557270300527
156.5,0.2524023262399122,0.2524023262399122,0.2524023262399122,0.2524023262399122
156.75,1.0442063066799152,1.0442063066799152,1.0442063066799152,1.0442063066799152
157.0,0.7684332472932903,0.7684332472932903,0.7684332472932903,0.7684332472932903
157.5,1.268340683935354,1.268340683935354,1.268340683935354,1.268340683935354
157.75,0.4514666481049609,0.4514666481049609,0.4514666481049609,0.4514666481049609
158.0,0.6272155260350992,0.6272155260350992,0.6272155260350992,0.6272155260350992
158.5,0.1965464117681227,0.1965464117681227,0.1965464117681227,0.1965464117681227
158.75,0.1700565145951701,0.1700565145951701,0.1700565145951701,0.1700565145951701
159.0,0.3475195069194814,0.3475195069194814,0.3475195069194814,0.3475195069194814
159.25,0.8610885881551633,0.8610885881551633,0.8610885881551633,0.8610885881551633
159.75,0.6853838201501257,0.6853838201501257,0.6853838201501257,0.6853838201501257
160.0,0.854132336399593,0.854132336399593,0.854132336399593,0.854132336399593
160.25,0.4407763334525496,0.4407763334525496,0.4407763334525496,0.4407763334525496
160.75,0.2707746026018292,0.2707746026018292,0.2707746026018292,0.2707746026018292
161.0,1.4710567558574248,1.4710567558574248,1.4710567558574248,1.4710567558574248
161.25,0.334240520894826,0.334240520894826,0.334240520894826,0.334240520894826
161.75,0.5744807124975696,0.5744807124975696,0.5744807124975696,0.5744807124975696
162.0,0.1856729918121978,0.1856729918121978,0.1856729918121978,0.1856729918121978
162.25,0.1400222452518102,0.1400222452518102,0.1400222452518102,0.1400222452518102
162.75,1.0066995417518847,1.0066995417518847,1.0066995417518847,1.0066995417518847
163.0,0.5704313900072661,0.5704313900072661,0.5704313900072661,0.5704313900072661
163.25,0.6760847501931446,0.6760847501931446,0.6760847501931446,0.6760847501931446
163.5,0.5536998735279023,0.5536998735279023,0.5536998735279023,0.5536998735279023
164.0,0.5023310645041007,0.5023310645041007,0.5023310645041007,0.5023310645041007
164.25,1.0838377833770825,1.0838377833770825,1.0838377833770825,1.0838377833770825
164.5,0.5452744650091296,0.5452744650091296,0.5452744650091296,0.5452744650091296
165.0,0.666895960703077,0.666895960703077,0.666895960703077,0.666895960703077
165.25,0.4417477265650615,0.4417477265650615,0.4417477265650615,0.4417477265650615
165.5,0.2086262517646801,0.2086262517646801,0.2086262517646801,0.2086262517646801
166.0,0.3094154193968729,0.3094154193968729,0.3094154193968729,0.3094154193968729
166.25,0.8442845273794826,0.8442845273794826,0.8442845273794826,0.8442845273794826
166.5,0.6527324193288339,0.6527324193288339,0.6527324193288339,0.6527324193288339
166.75,0.1898410550045757,0.1898410550045757,0.1898410550045757,0.1898410550045757
167.25,0.9980804107596558,0.9980804107596558,0.9980804107596558,0.9980804107596558
167.5,0.4197698263713059,0.4197698263713059,0.4197698263713059,0.4197698263713059
167.75,1.0350001653396503,1.0350001653396503,1.0350001653396503,1.0350001653396503
168.25,0.5002367861226171,0.5002367861226171,0.5002367861226171,0.5002367861226171
168.5,0.563414449143758,0.563414449143758,0.563414449143758,0.563414449143758
168.75,0.2734036836677111,0.2734036836677111,0.2734036836677111,0.2734036836677111
169.25,0.2795885072990917,0.2795885072990917,0.2795885072990917,0.2795885072990917
169.5,0.0871579485416253,0.0871579485416253,0.0871579485416253,0.0871579485416253
169.75,0.8388101337318171,0.8388101337318171,0.8388101337318171,0.8388101337318171
170.0,0.6031176689119208,0.6031176689119208,0.6031176689119208,0.6031176689119208
170.5,0.2774211552063341,0.2774211552063341,0.2774211552063341,0.2774211552063341
170.75,0.12079229373285,0.12079229373285,0.12079229373285,0.12079229373285
171.0,0.5982684033025014,0.5982684033025014,0.5982684033025014,0.5982684033025014
171.5,0.4963363701211313,0.4963363701211313,0.4963363701211313,0.4963363701211313
171.75,0.1017989765305333,0.1017989765305333,0.1017989765305333,0.1017989765305333
172.0,0.6787452858523729,0.6787452858523729,0.6787452858523729,0.6787452858523729
172.5,0.2250540425803731,0.2250540425803731,0.2250540425803731,0.2250540425803731
172.75,0.6933438627087336,0.6933438627087336,0.6933438627087336,0.6933438627087336
173.0,0.7737500848461861,0.7737500848461861,0.7737500848461861,0.7737500848461861
173.25,0.6897204134797945,0.6897204134797945,0.6897204134797945,0.6897204134797945
173.75,0.5219075943867858,0.5219075943867858,0.5219075943867858,0.5219075943867858
174.0,0.635951004947061,0.635951004947061,0.635951004947061,0.635951004947061
174.25,0.699668649644769,0.699668649644769,0.699668649644769,0.699668649644769
174.75,0.6693172146263868,0.6693172146263868,0.6693172146263868,0.6693172146263868
175.0,0.4783044306099615,0.4783044306099615,0.4783044306099615,0.4783044306099615
175.25,0.7630316913098123,0.7630316913098123,0.7630316913098123,0.7630316913098123
175.75,0.1817300924651055,0.1817300924651055,0.1817300924651055,0.1817300924651055
176.0,0.7382312571605525,0.7382312571605525,0.7382312571605525,0.7382312571605525
176.25,0.6201526778660709,0.6201526778660709,0.6201526778660709,0.6201526778660709
176.5,0.3644983675768677,0.3644983675768677,0.3644983675768677,0.3644983675768677
177.0,0.6508280834434869,0.6508280834434869,0.6508280834434869,0.6508280834434869
177.25,0.2756373846141889,0.2756373846141889,0.2756373846141889,0.2756373846141889
177.5,0.95588777256366,0.95588777256366,0.95588777256366,0.95588777256366
178.0,1.0142053309371948,1.0142053309371948,1.0142053309371948,1.0142053309371948
178.25,0.3104841389191541,0.3104841389191541,0.3104841389191541,0.3104841389191541
178.5,1.1922320366593844,1.1922320366593844,1.1922320366593844,1.1922320366593844
179.0,0.80597527323913,0.80597527323913,0.80597527323913,0.80597527323913
179.25,0.9291262230859048,0.9291262230859048,0.9291262230859048,0.9291262230859048
179.5,0.4668780991206933,0.4668780991206933,0.4668780991206933,0.4668780991206933
180.0,1.8288493419316805,1.8288493419316805,1.8288493419316805,1.8288493419316805
180.25,0.5866471627172215,0.5866471627172215,0.5866471627172215,0.5866471627172215
180.5,1.4328057241634458,1.4328057241634458,1.4328057241634458,1.4328057241634458
180.75,0.3539911383010918,0.3539911383010918,0.3539911383010918,0.3539911383010918
181.25,0.6786760894639582,0.6786760894639582,0.6786760894639582,0.6786760894639582
181.5,1.075329913822637,1.075329913822637,1.075329913822637,1.075329913822637
181.75,0.1398857650714888,0.1398857650714888,0.1398857650714888,0.1398857650714888
182.25,0.8134899023843455,0.8134899023843455,0.8134899023843455,0.8134899023843455
182.5,1.1130523490418662,1.1130523490418662,1.1130523490418662,1.1130523490418662
182.75,0.7234378166334184,0.7234378166334184,0.7234378166334184,0.7234378166334184
183.25,1.0343313210334593,1.0343313210334593,1.0343313210334593,1.0343313210334593
183.5,0.5361423334011914,0.5361423334011914,0.5361423334011914,0.5361423334011914
183.75,1.2062339281013452,1.2062339281013452,1.2062339281013452,1.2062339281013452
184.0,0.2606391637784828,0.2606391637784828,0.2606391637784828,0.2606391637784828
184.5,0.9829858168915224,0.9829858168915224,0.9829858168915224,0.9829858168915224
184.75,0.8020758653696607,0.8020758653696607,0.8020758653696607,0.8020758653696607
185.0,0.2079710961265338,0.2079710961265338,0.2079710961265338,0.2079710961265338
185.5,0.6077167688521683,0.6077167688521683,0.6077167688521683,0.6077167688521683
185.75,0.8732340658562173,0.8732340658562173,0.8732340658562173,0.8732340658562173
186.0,0.5739447135776267,0.5739447135776267,0.5739447135776267,0.5739447135776267
186.5,0.2108206618249828,0.2108206618249828,0.2108206618249828,0.2108206618249828
186.75,0.3991499946324217,0.3991499946324217,0.3991499946324217,0.3991499946324217
187.0,0.4963786995032972,0.4963786995032972,0.4963786995032972,0.4963786995032972
187.25,1.5464396597739432,1.5464396597739432,1.5464396597739432,1.5464396597739432
187.75,0.4964782319129679,0.4964782319129679,0.4964782319129679,0.4964782319129679
188.0,0.3577987664333883,0.3577987664333883,0.3577987664333883,0.3577987664333883
188.25,0.2816116590260261,0.2816116590260261,0.2816116590260261,0.2816116590260261
188.75,0.5840727199224551,0.5840727199224551,0.5840727199224551,0.5840727199224551
189.0,0.8601290701296622,0.8601290701296622,0.8601290701296622,0.8601290701296622
189.25,0.5459286941330163,0.5459286941330163,0.5459286941330163,0.5459286941330163
189.75,1.149567703272793,1.149567703272793,1.149567703272793,1.149567703272793
190.0,0.3600601322159087,0.3600601322159087,0.3600601322159087,0.3600601322159087
190.25,0.7017191241636882,0.7017191241636882,0.7017191241636882,0.7017191241636882
190.5,0.3243131518892886,0.3243131518892886,0.3243131518892886,0.3243131518892886
191.0,0.7493822779448654,0.7493822779448654,0.7493822779448654,0.7493822779448654
191.25,0.8456548207187046,0.8456548207187046,0.8456548207187046,0.8456548207187046
191.5,0.968467098021838,0.968467098021838,0.968467098021838,0.968467098021838
192.0,0.8419334041551355,0.8419334041551355,0.8419334041551355,0.8419334041551355
192.25,0.8274336292739851,0.8274336292739851,0.8274336292739851,0.8274336292739851
192.5,1.0637533051858763,1.0637533051858763,1.0637533051858763,1.0637533051858763
193.0,0.511265221006049,0.511265221006049,0.511265221006049,0.511265221006049
193.25,0.8828210216731495,0.8828210216731495,0.8828210216731495,0.8828210216731495
193.5,0.2238142351211808,0.2238142351211808,0.2238142351211808,0.2238142351211808
194.0,0.7396167504782701,0.7396167504782701,0.7396167504782701,0.7396167504782701
194.25,0.9899450226437234,0.9899450226437234,0.9899450226437234,0.9899450226437234
194.5,0.7265017475057611,0.7265017475057611,0.7265017475057611,0.7265017475057611
194.75,0.1847178663437648,0.1847178663437648,0.1847178663437648,0.1847178663437648
195.25,0.7773909622989938,0.7773909622989938,0.7773909622989938,0.7773909622989938
195.5,0.1558409786748107,0.1558409786748107,0.1558409786748107,0.1558409786748107
195.75,0.1132284179085079,0.1132284179085079,0.1132284179085079,0.1132284179085079
196.25,0.7191621822716404,0.7191621822716404,0.7191621822716404,0.7191621822716404
196.5,0.7062390744242241,0.7062390744242241,0.7062390744242241,0.7062390744242241
196.75,1.4730714169551582,1.4730714169551582,1.4730714169551582,1.4730714169551582
197.25,1.248048684167801,1.248048684167801,1.248048684167801,1.248048684167801
197.5,0.8456384813549358,0.8456384813549358,0.8456384813549358,0.8456384813549358
197.75,0.3476576010618657,0.3476576010618657,0.3476576010618657,0.3476576010618657
198.0,1.247315669342594,1.247315669342594,1.247315669342594,1.247315669342594
198.5,1.2146092953714578,1.2146092953714578,1.2146092953714578,1.2146092953714578
198.75,1.5529048764674225,1.5529048764674225,1.5529048764674225,1.5529048764674225
199.0,0.8559208651434768,0.8559208651434768,0.8559208651434768,0.8559208651434768
199.5,0.7838235852284954,0.7838235852284954,0.7838235852284954,0.7838235852284954
199.75,1.499849080734768,1.499849080734768,1.499849080734768,1.499849080734768
200.0,0.9201587789675644,0.9201587789675644,0.9201587789675644,0.9201587789675644
200.5,1.165746795812367,1.165746795812367,1.165746795812367,1.165746795812367
200.75,0.9936250664007944,0.9936250664007944,0.9936250664007944,0.9936250664007944
201.0,1.0370204968461842,1.0370204968461842,1.0370204968461842,1.0370204968461842
201.25,0.5462715861815145,0.5462715861815145,0.5462715861815145,0.5462715861815145
201.75,0.1404173855447301,0.1404173855447301,0.1404173855447301,0.1404173855447301
202.0,1.1024639505012452,1.1024639505012452,1.1024639505012452,1.1024639505012452
202.25,0.6169690237066682,0.6169690237066682,0.6169690237066682,0.6169690237066682
202.75,1.4135071351396056,1.4135071351396056,1.4135071351396056,1.4135071351396056
203.0,0.7940772967748142,0.7940772967748142,0.7940772967748142,0.7940772967748142
203.25,0.2495122877309135,0.2495122877309135,0.2495122877309135,0.2495122877309135
203.75,0.3713039326072254,0.3713039326072254,0.3713039326072254,0.3713039326072254
204.0,0.8067564388300832,0.8067564388300832,0.8067564388300832,0.8067564388300832
204.25,0.9794124531274044,0.9794124531274044,0.9794124531274044,0.9794124531274044
204.5,0.8529745208816177,0.8529745208816177,0.8529745208816177,0.8529745208816177
205.0,0.6104933838730342,0.6104933838730342,0.6104933838730342,0.6104933838730342
205.25,0.2400510407186221,0.2400510407186221,0.2400510407186221,0.2400510407186221
205.5,0.3581292546767493,0.3581292546767493,0.3581292546767493,0.3581292546767493
206.0,0.8186792150013743,0.8186792150013743,0.8186792150013743,0.8186792150013743
206.25,1.017170871527222,1.017170871527222,1.017170871527222,1.017170871527222
206.5,0.3395864279093656,0.3395864279093656,0.3395864279093656,0.3395864279093656
207.0,0.2802533560140954,0.2802533560140954,0.2802533560140954,0.2802533560140954
207.25,0.5377390040310744,0.5377390040310744,0.5377390040310744,0.5377390040310744
207.5,1.09366018309633,1.09366018309633,1.09366018309633,1.09366018309633
207.75,1.672787843858387,1.672787843858387,1.672787843858387,1.672787843858387
208.25,0.5420831965510529,0.5420831965510529,0.5420831965510529,0.5420831965510529
208.5,1.2756275737039935,1.2756275737039935,1.2756275737039935,1.2756275737039935
208.75,1.2228497126250306,1.2228497126250306,1.2228497126250306,1.2228497126250306
209.25,1.2201475538435471,1.2201475538435471,1.2201475538435471,1.2201475538435471
209.5,0.5762361172968216,0.5762361172968216,0.5762361172968216,0.5762361172968216
209.75,0.5942270515644026,0.5942270515644026,0.5942270515644026,0.5942270515644026
210.25,0.9883394073713666,0.9883394073713666,0.9883394073713666,0.9883394073713666
210.5,0.4528544653387398,0.4528544653387398,0.4528544653387398,0.4528544653387398
210.75,0.6397683137166185,0.6397683137166185,0.6397683137166185,0.6397683137166185
211.25,0.7475825490041712,0.7475825490041712,0.7475825490041712,0.7475825490041712
211.5,1.2772363480484443,1.2772363480484443,1.2772363480484443,1.2772363480484443
211.75,0.6863803342960236,0.6863803342960236,0.6863803342960236,0.6863803342960236
212.0,1.928337076851955,1.928337076851955,1.928337076851955,1.928337076851955
212.5,0.6664607074087231,0.6664607074087231,0.6664607074087231,0.6664607074087231
212.75,2.36789159266436,2.36789159266436,2.36789159266436,2.36789159266436
213.0,0.6567366405959919,0.6567366405959919,0.6567366405959919,0.6567366405959919
213.5,1.521223831340145,1.521223831340145,1.521223831340145,1.521223831340145
213.75,0.5166122114818135,0.5166122114818135,0.5166122114818135,0.5166122114818135
214.0,0.5874389649580639,0.5874389649580639,0.5874389649580639,0.5874389649580639
214.5,0.5243211494416441,0.5243211494416441,0.5243211494416441,0.5243211494416441
214.75,1.694685292821804,1.694685292821804,1.694685292821804,1.694685292821804
215.0,1.1937181683160685,1.1937181683160685,1.1937181683160685,1.1937181683160685
215.25,0.7218999147921509,0.7218999147921509,0.7218999147921509,0.7218999147921509
215.75,0.3046031367620594,0.3046031367620594,0.3046031367620594,0.3046031367620594
216.0,0.0457748229045897,0.0457748229045897,0.0457748229045897,0.0457748229045897
216.25,1.2393740569470093,1.2393740569470093,1.2393740569470093,1.2393740569470093
216.75,1.3932235442333587,1.3932235442333587,1.3932235442333587,1.3932235442333587
217.0,0.6863845008768712,0.6863845008768712,0.6863845008768712,0.6863845008768712
217.25,1.0945319535481546,1.0945319535481546,1.0945319535481546,1.0945319535481546
217.75,0.7391331676331504,0.7391331676331504,0.7391331676331504,0.7391331676331504
218.0,0.5786277900904547,0.5786277900904547,0.5786277900904547,0.5786277900904547
218.25,0.6972550365768839,0.6972550365768839,0.6972550365768839,0.6972550365768839
218.5,0.8719877331904148,0.8719877331904148,0.8719877331904148,0.8719877331904148
219.0,0.3194607027289818,0.3194607027289818,0.3194607027289818,0.3194607027289818
219.25,0.1793821693945244,0.1793821693945244,0.1793821693945244,0.1793821693945244
219.5,1.0992175024487605,1.0992175024487605,1.0992175024487605,1.0992175024487605
220.0,1.6382576950107055,1.6382576950107055,1.6382576950107055,1.6382576950107055
220.25,0.4175085616722711,0.4175085616722711,0.4175085616722711,0.4175085616722711
220.5,0.8436199536525134,0.8436199536525134,0.8436199536525134,0.8436199536525134
221.0,0.2778314968363777,0.2778314968363777,0.2778314968363777,0.2778314968363777
221.25,1.0289574325043485,1.0289574325043485,1.0289574325043485,1.0289574325043485
221.5,1.8757231138744104,1.8757231138744104,1.8757231138744104,1.8757231138744104
221.75,1.7847350802843225,1.7847350802843225,1.7847350802843225,1.7847350802843225
222.25,1.1890450989498669,1.1890450989498669,1.1890450989498669,1.1890450989498669
222.5,1.146074671068412,1.146074671068412,1.146074671068412,1.146074671068412
222.75,1.0785784311658666,1.0785784311658666,1.0785784311658666,1.0785784311658666
223.25,0.7967558819035926,0.7967558819035926,0.7967558819035926,0.7967558819035926
223.5,0.3229882432164938,0.3229882432164938,0.3229882432164938,0.3229882432164938
223.75,1.0723705719639134,1.0723705719639134,1.0723705719639134,1.0723705719639134
224.25,0.8410137830780978,0.8410137830780978,0.8410137830780978,0.8410137830780978
224.5,0.7308931059898545,0.7308931059898545,0.7308931059898545,0.7308931059898545
224.75,0.2342195201314146,0.2342195201314146,0.2342195201314146,0.2342195201314146
225.0,0.3887888554475597,0.3887888554475597,0.3887888554475597,0.3887888554475597
225.5,0.3750078472323795,0.3750078472323795,0.3750078472323795,0.3750078472323795
225.75,0.853057393197067,0.853057393197067,0.853057393197067,0.853057393197067
226.0,0.2067302991136753,0.2067302991136753,0.2067302991136753,0.2067302991136753
226.5,0.928131711452054,0.928131711452054,0.928131711452054,0.928131711452054
226.75,0.7182410546382193,0.7182410546382193,0.7182410546382193,0.7182410546382193
227.0,1.4680654419830614,1.4680654419830614,1.4680654419830614,1.4680654419830614
227.5,0.4447971145080913,0.4447971145080913,0.4447971145080913,0.4447971145080913
227.75,0.6887506887689875,0.6887506887689875,0.6887506887689875,0.6887506887689875
228.0,0.6388499255873875,0.6388499255873875,0.6388499255873875,0.6388499255873875
228.5,0.1205874846827671,0.1205874846827671,0.1205874846827671,0.1205874846827671
228.75,1.244979134731225,1.244979134731225,1.244979134731225,1.244979134731225
229.0,1.1188935759539906,1.1188935759539906,1.1188935759539906,1.1188935759539906
229.25,0.9468005407742294,0.9468005407742294,0.9468005407742294,0.9468005407742294
229.75,0.2178326453686415,0.2178326453686415,0.2178326453686415,0.2178326453686415
230.0,1.330746453313176,1.330746453313176,1.330746453313176,1.330746453313176
230.25,0.7654527592596369,0.7654527592596369,0.7654527592596369,0.7654527592596369
230.75,1.130036152716211,1.130036152716211,1.130036152716211,1.130036152716211
231.0,0.037538974106495,0.037538974106495,0.037538974106495,0.037538974106495
231.25,0.5771383813052322,0.5771383813052322,0.5771383813052322,0.5771383813052322
231.75,0.6862027176975303,0.6862027176975303,0.6862027176975303,0.6862027176975303
232.0,1.202083778781909,1.202083778781909,1.202083778781909,1.202083778781909
232.25,0.6441476884123178,0.6441476884123178,0.6441476884123178,0.6441476884123178
232.5,0.8640989141288546,0.8640989141288546,0.8640989141288546,0.8640989141288546
233.0,0.702241187881549,0.702241187881549,0.702241187881549,0.702241187881549
233.25,0.2054915644805615,0.2054915644805615,0.2054915644805615,0.2054915644805615
233.5,0.8794044074016886,0.8794044074016886,0.8794044074016886,0.8794044074016886
234.0,0.8888410724112993,0.8888410724112993,0.8888410724112993,0.8888410724112993
234.25,0.29738283914087,0.29738283914087,0.29738283914087,0.29738283914087
234.5,0.5062586848041611,0.5062586848041611,0.5062586848041611,0.5062586848041611
235.0,0.6270574627692451,0.6270574627692451,0.6270574627692451,0.6270574627692451
235.25,0.3854708985731107,0.3854708985731107,0.3854708985731107,0.3854708985731107
235.5,1.1812099157094658,1.1812099157094658,1.1812099157094658,1.1812099157094658
235.75,0.6660316978410656,0.6660316978410656,0.6660316978410656,0.6660316978410656
236.25,0.297331215133583,0.297331215133583,0.297331215133583,0.297331215133583
236.5,0.2606512388823892,0.2606512388823892,0.2606512388823892,0.2606512388823892
236.75,0.9456062271826268,0.9456062271826268,0.9456062271826268,0.9456062271826268
237.25,0.8516584657406999,0.8516584657406999,0.8516584657406999,0.8516584657406999
237.5,0.95687088007346,0.95687088007346,0.95687088007346,0.95687088007346
237.75,0.7985998816396519,0.7985998816396519,0.7985998816396519,0.7985998816396519
238.25,1.1272403424743784,1.1272403424743784,1.1272403424743784,1.1272403424743784
238.5,0.4689517219045637,0.4689517219045637,0.4689517219045637,0.4689517219045637
238.75,0.7179081620757581,0.7179081620757581,0.7179081620757581,0.7179081620757581
239.0,1.138549606518296,1.138549606518296,1.138549606518296,1.138549606518296
239.5,0.0785927893820878,0.0785927893820878,0.0785927893820878,0.0785927893820878
239.75,0.4121360462578035,0.4121360462578035,0.4121360462578035,0.4121360462578035
240.0,0.5343537514194951,0.5343537514194951,0.5343537514194951,0.5343537514194951
240.5,0.616580956483465,0.616580956483465,0.616580956483465,0.616580956483465
240.75,1.4266743610290815,1.4266743610290815,1.4266743610290815,1.4266743610290815
241.0,0.7113110219854993,0.7113110219854993,0.7113110219854993,0.7113110219854993
241.5,0.7910645653881523,0.7910645653881523,0.7910645653881523,0.7910645653881523
241.75,0.5943021762747202,0.5943021762747202,0.5943021762747202,0.5943021762747202
242.0,0.8285655497848171,0.8285655497848171,0.8285655497848171,0.8285655497848171
242.5,0.6126127677443589,0.6126127677443589,0.6126127677443589,0.6126127677443589
242.75,1.019287594973813,1.019287594973813,1.019287594973813,1.019287594973813
243.0,0.746215154863061,0.746215154863061,0.746215154863061,0.746215154863061
243.25,1.6248652355046893,1.6248652355046893,1.6248652355046893,1.6248652355046893
243.75,0.2293424226110066,0.2293424226110066,0.2293424226110066,0.2293424226110066
244.0,0.6704686472972768,0.6704686472972768,0.6704686472972768,0.6704686472972768
244.25,0.7545801954722801,0.7545801954722801,0.7545801954722801,0.7545801954722801
244.75,0.2490741942491009,0.2490741942491009,0.2490741942491009,0.2490741942491009
245.0,1.4614144806152567,1.4614144806152567,1.4614144806152567,1.4614144806152567
245.25,0.6402655979896242,0.6402655979896242,0.6402655979896242,0.6402655979896242
245.75,0.9167039437560824,0.9167039437560824,0.9167039437560824,0.9167039437560824
246.0,0.4815823732087294,0.4815823732087294,0.4815823732087294,0.4815823732087294
246.25,1.355254051420848,1.355254051420848,1.355254051420848,1.355254051420848
246.5,0.6180890926670574,0.6180890926670574,0.6180890926670574,0.6180890926670574
247.0,0.7301519157397414,0.7301519157397414,0.7301519157397414,0.7301519157397414
247.25,0.7789989028709005,0.7789989028709005,0.7789989028709005,0.7789989028709005
247.5,0.6208801989589934,0.6208801989589934,0.6208801989589934,0.6208801989589934
248.0,0.6364764553278388,0.6364764553278388,0.6364764553278388,0.6364764553278388
248.25,0.5267140799586278,0.5267140799586278,0.5267140799586278,0.5267140799586278
248.5,0.4732673260413311,0.4732673260413311,0.4732673260413311,0.4732673260413311
249.0,0.4314816735944667,0.4314816735944667,0.4314816735944667,0.4314816735944667
249.25,0.7013425359539498,0.7013425359539498,0.7013425359539498,0.7013425359539498
249.5,0.4574707984279808,0.4574707984279808,0.4574707984279808,0.4574707984279808
249.75,0.3837384541177046,0.3837384541177046,0.3837384541177046,0.3837384541177046
250.25,0.3576384304235123,0.3576384304235123,0.3576384304235123,0.3576384304235123
250.5,0.1414384244312221,0.1414384244312221,0.1414384244312221,0.1414384244312221
250.75,1.7178081451958849,1.7178081451958849,1.7178081451958849,1.7178081451958849
251.25,0.6170402386671783,0.6170402386671783,0.6170402386671783,0.6170402386671783
251.5,1.1733083915903706,1.1733083915903706,1.1733083915903706,1.1733083915903706
251.75,0.442387806280759,0.442387806280759,0.442387806280759,0.442387806280759
252.25,0.7297768201612771,0.7297768201612771,0.7297768201612771,0.7297768201612771
252.5,0.8419166888263708,0.8419166888263708,0.8419166888263708,0.8419166888263708
252.75,1.4228549424876749,1.4228549424876749,1.4228549424876749,1.4228549424876749
253.0,0.9750898131253004,0.9750898131253004,0.9750898131253004,0.9750898131253004
253.5,0.5326922466240508,0.5326922466240508,0.5326922466240508,0.5326922466240508
253.75,0.8564184701843853,0.8564184701843853,0.8564184701843853,0.8564184701843853
254.0,0.7801548388967771,0.7801548388967771,0.7801548388967771,0.7801548388967771
254.5,0.3523268416576274,0.3523268416576274,0.3523268416576274,0.3523268416576274
254.75,1.2822907495551124,1.2822907495551124,1.2822907495551124,1.2822907495551124
255.0,0.8727895422105331,0.8727895422105331,0.8727895422105331,0.8727895422105331
255.5,0.5776422875503748,0.5776422875503748,0.5776422875503748,0.5776422875503748
255.75,0.6817280918758778,0.6817280918758778,0.6817280918758778,0.6817280918758778
256.0,0.8200551976668835,0.8200551976668835,0.8200551976668835,0.8200551976668835
256.25,0.1583027971948741,0.1583027971948741,0.1583027971948741,0.1583027971948741
256.75,0.8113786234810444,0.8113786234810444,0.8113786234810444,0.8113786234810444
257.0,0.8448070480411858,0.8448070480411858,0.8448070480411858,0.8448070480411858
257.25,0.4634802580382,0.4634802580382,0.4634802580382,0.4634802580382
257.75,0.4843754756635807,0.4843754756635807,0.4843754756635807,0.4843754756635807
258.0,0.3701399901760825,0.3701399901760825,0.3701399901760825,0.3701399901760825
258.25,0.8305817067257976,0.8305817067257976,0.8305817067257976,0.8305817067257976
258.75,1.157154374265577,1.157154374265577,1.157154374265577,1.157154374265577
259.0,0.2964268476738561,0.2964268476738561,0.2964268476738561,0.2964268476738561
259.25,0.8890224833225675,0.8890224833225675,0.8890224833225675,0.8890224833225675
259.75,1.1700231986586684,1.1700231986586684,1.1700231986586684,1.1700231986586684
260.0,0.4468998435674957,0.4468998435674957,0.4468998435674957,0.4468998435674957
260.25,0.6595085858235108,0.6595085858235108,0.6595085858235108,0.6595085858235108
260.5,0.4112438623779869,0.4112438623779869,0.4112438623779869,0.4112438623779869
261.0,0.4252584713100668,0.4252584713100668,0.4252584713100668,0.4252584713100668
261.25,0.6365772208125563,0.6365772208125563,0.6365772208125563,0.6365772208125563
261.5,1.1698924075568518,1.1698924075568518,1.1698924075568518,1.1698924075568518
262.0,0.5684166124955305,0.5684166124955305,0.5684166124955305,0.5684166124955305
262.25,0.2964763277119475,0.2964763277119475,0.2964763277119475,0.2964763277119475
262.5,0.7030208876498152,0.7030208876498152,0.7030208876498152,0.7030208876498152
263.0,0.9428522929525438,0.9428522929525438,0.9428522929525438,0.9428522929525438
263.25,0.2195998648583174,0.2195998648583174,0.2195998648583174,0.2195998648583174
263.5,1.093986631002565,1.093986631002565,1.093986631002565,1.093986631002565
263.75,0.5149176529223328,0.5149176529223328,0.5149176529223328,0.5149176529223328
264.25,1.0768340123403095,1.0768340123403095,1.0768340123403095,1.0768340123403095
264.5,0.2659268585571088,0.2659268585571088,0.2659268585571088,0.2659268585571088
264.75,0.4713757344116071,0.4713757344116071,0.4713757344116071,0.4713757344116071
265.25,0.4033890759837517,0.4033890759837517,0.4033890759837517,0.4033890759837517
265.5,0.3381630150157309,0.3381630150157309,0.3381630150157309,0.3381630150157309
265.75,0.3242715897217616,0.3242715897217616,0.3242715897217616,0.3242715897217616
266.25,0.8255118029994036,0.8255118029994036,0.8255118029994036,0.8255118029994036
266.5,0.6252886447672324,0.6252886447672324,0.6252886447672324,0.6252886447672324
266.75,0.2073618003261315,0.2073618003261315,0.2073618003261315,0.2073618003261315
267.0,0.6261166565131943,0.6261166565131943,0.6261166565131943,0.6261166565131943
267.5,0.4426554372586104,0.4426554372586104,0.4426554372586104,0.4426554372586104
267.75,0.5147305055597662,0.5147305055597662,0.5147305055597662,0.5147305055597662
268.0,1.0132884885733875,1.0132884885733875,1.0132884885733875,1.0132884885733875
268.5,0.3674433403794029,0.3674433403794029,0.3674433403794029,0.3674433403794029
268.75,0.5702724638302743,0.5702724638302743,0.5702724638302743,0.5702724638302743
269.0,0.5338145910289326,0.5338145910289326,0.5338145910289326,0.5338145910289326
269.5,0.7216574576780322,0.7216574576780322,0.7216574576780322,0.7216574576780322
269.75,0.4141307421741842,0.4141307421741842,0.4141307421741842,0.4141307421741842
270.0,0.819530307991926,0.819530307991926,0.819530307991926,0.819530307991926
270.25,0.3691937567156125,0.3691937567156125,0.3691937567156125,0.3691937567156125
270.75,0.5919509883499506,0.5919509883499506,0.5919509883499506,0.5919509883499506
271.0,1.0549373309199883,1.0549373309199883,1.0549373309199883,1.0549373309199883
271.25,1.3230330168495914,1.3230330168495914,1.3230330168495914,1.3230330168495914
271.75,0.2960501658963244,0.2960501658963244,0.2960501658963244,0.2960501658963244
272.0,1.3683347376226669,1.3683347376226669,1.3683347376226669,1.3683347376226669
272.25,0.3739875239549341,0.3739875239549341,0.3739875239549341,0.3739875239549341
272.75,0.455860734371901,0.455860734371901,0.455860734371901,0.455860734371901
273.0,0.4108492340984764,0.4108492340984764,0.4108492340984764,0.4108492340984764
273.25,1.173621500317476,1.173621500317476,1.173621500317476,1.173621500317476
273.5,0.0809014136371583,0.0809014136371583,0.0809014136371583,0.0809014136371583
274.0,0.935300675600704,0.935300675600704,0.935300675600704,0.935300675600704
274.25,0.9762069094027136,0.9762069094027136,0.9762069094027136,0.9762069094027136
274.5,0.7387882578078158,0.7387882578078158,0.7387882578078158,0.7387882578078158
275.0,0.1819497187287163,0.1819497187287163,0.1819497187287163,0.1819497187287163
275.25,0.5476649210755261,0.5476649210755261,0.5476649210755261,0.5476649210755261
275.5,0.9250086281055514,0.9250086281055514,0.9250086281055514,0.9250086281055514
276.0,0.4494779266847939,0.4494779266847939,0.4494779266847939,0.4494779266847939
276.25,0.6124049051427933,0.6124049051427933,0.6124049051427933,0.6124049051427933
276.5,1.3556922450529818,1.3556922450529818,1.3556922450529818,1.3556922450529818
277.0,0.5105582238948119,0.5105582238948119,0.5105582238948119,0.5105582238948119
277.25,1.1469273586156594,1.1469273586156594,1.1469273586156594,1.1469273586156594
277.5,0.8924231950425776,0.8924231950425776,0.8924231950425776,0.8924231950425776
277.75,1.0641867292197809,1.0641867292197809,1.0641867292197809,1.0641867292197809
278.25,0.5910237471660836,0.5910237471660836,0.5910237471660836,0.5910237471660836
278.5,0.5098867225658331,0.5098867225658331,0.5098867225658331,0.5098867225658331
278.75,0.2028140698362662,0.2028140698362662,0.2028140698362662,0.2028140698362662
279.25,1.596658825458805,1.596658825458805,1.596658825458805,1.596658825458805
279.5,0.942711263143816,0.942711263143816,0.942711263143816,0.942711263143816
279.75,0.1096652142922799,0.1096652142922799,0.1096652142922799,0.1096652142922799
280.25,0.3637304803411058,0.3637304803411058,0.3637304803411058,0.3637304803411058
280.5,0.4190302364498729,0.4190302364498729,0.4190302364498729,0.4190302364498729
280.75,1.2433973028295144,1.2433973028295144,1.2433973028295144,1.2433973028295144
281.0,1.0675863671275267,1.0675863671275267,1.0675863671275267,1.0675863671275267
281.5,0.6769623694346719,0.6769623694346719,0.6769623694346719,0.6769623694346719
281.75,0.8602616390959089,0.8602616390959089,0.8602616390959089,0.8602616390959089
282.0,1.2614729194909036,1.2614729194909036,1.2614729194909036,1.2614729194909036
282.5,1.285740147476637,1.285740147476637,1.285740147476637,1.285740147476637
282.75,1.0569356196153468,1.0569356196153468,1.0569356196153468,1.0569356196153468
283.0,0.4353375631512678,0.4353375631512678,0.4353375631512678,0.4353375631512678
283.5,1.1751491453516325,1.1751491453516325,1.1751491453516325,1.1751491453516325
283.75,0.7789782862702143,0.7789782862702143,0.7789782862702143,0.7789782862702143
284.0,0.3400586814504572,0.3400586814504572,0.3400586814504572,0.3400586814504572
284.25,0.7597863552378379,0.7597863552378379,0.7597863552378379,0.7597863552378379
284.75,0.5898569064415632,0.5898569064415632,0.5898569064415632,0.5898569064415632
285.0,1.186782840781332,1.186782840781332,1.186782840781332,1.186782840781332
285.25,0.4369560028645092,0.4369560028645092,0.4369560028645092,0.4369560028645092
285.75,0.619581973970865,0.619581973970865,0.619581973970865,0.619581973970865
286.0,0.8217490573268501,0.8217490573268501,0.8217490573268501,0.8217490573268501
286.25,0.6857414913197926,0.6857414913197926,0.6857414913197926,0.6857414913197926
286.75,0.3186876509038861,0.3186876509038861,0.3186876509038861,0.3186876509038861
287.0,0.2669925762018625,0.2669925762018625,0.2669925762018625,0.2669925762018625
287.25,1.265881954501875,1.265881954501875,1.265881954501875,1.265881954501875
287.5,0.2374551427491435,0.2374551427491435,0.2374551427491435,0.2374551427491435
288.0,0.2090558461734611,0.2090558461734611,0.2090558461734611,0.2090558461734611
288.25,1.063893691597284,1.063893691597284,1.063893691597284,1.063893691597284
288.5,0.0893511769604424,0.0893511769604424,0.0893511769604424,0.0893511769604424
289.0,1.3895674332071095,1.3895674332071095,1.3895674332071095,1.3895674332071095
289.25,1.1260381378711783,1.1260381378711783,1.1260381378711783,1.1260381378711783
289.5,0.2219461884465504,0.2219461884465504,0.2219461884465504,0.2219461884465504
290.0,0.4168931928430704,0.4168931928430704,0.4168931928430704,0.4168931928430704
290.25,0.4468236899339697,0.4468236899339697,0.4468236899339697,0.4468236899339697
290.5,1.552858522135934,1.552858522135934,1.552858522135934,1.552858522135934
291.0,0.7775357864541469,0.7775357864541469,0.7775357864541469,0.7775357864541469
291.25,0.1025020228719111,0.1025020228719111,0.1025020228719111,0.1025020228719111
291.5,0.2698420046835688,0.2698420046835688,0.2698420046835688,0.2698420046835688
291.75,0.2218649052400905,0.2218649052400905,0.2218649052400905,0.2218649052400905
292.25,1.110344805875678,1.110344805875678,1.110344805875678,1.110344805875678
292.5,0.2156274444966379,0.2156274444966379,0.2156274444966379,0.2156274444966379
292.75,0.2340609683760151,0.2340609683760151,0.2340609683760151,0.2340609683760151
293.25,0.7178650768370916,0.7178650768370916,0.7178650768370916,0.7178650768370916
293.5,0.9414020897312294,0.9414020897312294,0.9414020897312294,0.9414020897312294
293.75,0.7836912971345511,0.7836912971345511,0.7836912971345511,0.7836912971345511
294.25,1.3894323541978515,1.3894323541978515,1.3894323541978515,1.3894323541978515
294.5,0.6922519241960767,0.6922519241960767,0.6922519241960767,0.6922519241960767
294.75,0.8407939519823514,0.8407939519823514,0.8407939519823514,0.8407939519823514
295.0,0.7410531506340643,0.7410531506340643,0.7410531506340643,0.7410531506340643
295.5,1.5241899430694783,1.5241899430694783,1.5241899430694783,1.5241899430694783
295.75,0.547224129709754,0.547224129709754,0.547224129709754,0.547224129709754
296.0,0.443518864248338,0.443518864248338,0.443518864248338,0.443518864248338
296.5,0.775957144325106,0.775957144325106,0.775957144325106,0.775957144325106
296.75,1.6126671295271024,1.6126671295271024,1.6126671295271024,1.6126671295271024
297.0,0.5211872151890855,0.5211872151890855,0.5211872151890855,0.5211872151890855
297.5,0.6285232339291473,0.6285232339291473,0.6285232339291473,0.6285232339291473
297.75,1.0064905916653004,1.0064905916653004,1.0064905916653004,1.0064905916653004
298.0,0.5170107877817397,0.5170107877817397,0.5170107877817397,0.5170107877817397
298.25,0.4421787368953906,0.4421787368953906,0.4421787368953906,0.4421787368953906
298.75,0.7996691748703381,0.7996691748703381,0.7996691748703381,0.7996691748703381
299.0,0.5971226455418063,0.5971226455418063,0.5971226455418063,0.5971226455418063
299.25,1.1325602046056849,1.1325602046056849,1.1325602046056849,1.1325602046056849
299.75,0.7637515721511443,0.7637515721511443,0.7637515721511443,0.7637515721511443
300.0,0.3082483427740075,0.3082483427740075,0.3082483427740075,0.3082483427740075
300.25,1.1202596785453711,1.1202596785453711,1.1202596785453711,1.1202596785453711
300.75,0.245831149687003,0.245831149687003,0.245831149687003,0.245831149687003
301.0,1.6527496755892566,1.6527496755892566,1.6527496755892566,1.6527496755892566
301.25,1.1138267647525182,1.1138267647525182,1.1138267647525182,1.1138267647525182
301.5,0.3627761123744959,0.3627761123744959,0.3627761123744959,0.3627761123744959
302.0,0.5185706084098543,0.5185706084098543,0.5185706084098543,0.5185706084098543
302.25,0.2628077577133889,0.2628077577133889,0.2628077577133889,0.2628077577133889
302.5,1.5718555599746795,1.5718555599746795,1.5718555599746795,1.5718555599746795
303.0,0.459019405160998,0.459019405160998,0.459019405160998,0.459019405160998
303.25,1.2156045916732852,1.2156045916732852,1.2156045916732852,1.2156045916732852
303.5,0.6416583622329887,0.6416583622329887,0.6416583622329887,0.6416583622329887
304.0,0.7771673567837277,0.7771673567837277,0.7771673567837277,0.7771673567837277
304.25,0.877928901527121,0.877928901527121,0.877928901527121,0.877928901527121
304.5,1.375263048494927,1.375263048494927,1.375263048494927,1.375263048494927
304.75,1.1251785989019094,1.1251785989019094,1.1251785989019094,1.1251785989019094
305.25,1.3387947701510348,1.3387947701510348,1.3387947701510348,1.3387947701510348
305.5,0.5686266855001145,0.5686266855001145,0.5686266855001145,0.5686266855001145
305.75,0.2417644196314471,0.2417644196314471,0.2417644196314471,0.2417644196314471
306.25,0.3931757834680018,0.3931757834680018,0.3931757834680018,0.3931757834680018
306.5,0.1281396825116528,0.1281396825116528,0.1281396825116528,0.1281396825116528
306.75,0.2765395988462934,0.2765395988462934,0.2765395988462934,0.2765395988462934
307.25,0.7704865435248114,0.7704865435248114,0.7704865435248114,0.7704865435248114
307.5,1.3163585916989202,1.3163585916989202,1.3163585916989202,1.3163585916989202
307.75,1.0160458933277206,1.0160458933277206,1.0160458933277206,1.0160458933277206
308.25,1.4933353507614755,1.4933353507614755,1.4933353507614755,1.4933353507614755
308.5,0.533451158367992,0.533451158367992,0.533451158367992,0.533451158367992
308.75,0.4931425100407815,0.4931425100407815,0.4931425100407815,0.4931425100407815
309.0,0.5979374915666378,0.5979374915666378,0.5979374915666378,0.5979374915666378
309.5,1.1698941938840026,1.1698941938840026,1.1698941938840026,1.1698941938840026
309.75,0.5417989641574992,0.5417989641574992,0.5417989641574992,0.5417989641574992
310.0,0.7763703113020171,0.7763703113020171,0.7763703113020171,0.7763703113020171
310.5,1.1096203423184945,1.1096203423184945,1.1096203423184945,1.1096203423184945
310.75,0.394879810800253,0.394879810800253,0.394879810800253,0.394879810800253
311.0,0.5020568818019276,0.5020568818019276,0.5020568818019276,0.5020568818019276
311.5,0.235411885192059,0.235411885192059,0.235411885192059,0.235411885192059
311.75,0.5821618697935026,0.5821618697935026,0.5821618697935026,0.5821618697935026
312.0,0.5306219260086547,0.5306219260086547,0.5306219260086547,0.5306219260086547
312.25,1.092005251630662,1.092005251630662,1.092005251630662,1.092005251630662
312.75,0.5956043181218299,0.5956043181218299,0.5956043181218299,0.5956043181218299
313.0,0.6553100486189929,0.6553100486189929,0.6553100486189929,0.6553100486189929
313.25,0.8600535273374234,0.8600535273374234,0.8600535273374234,0.8600535273374234
313.75,0.2755130690484272,0.2755130690484272,0.2755130690484272,0.2755130690484272
314.0,0.8148220617203392,0.8148220617203392,0.8148220617203392,0.8148220617203392
314.25,0.8348072449309332,0.8348072449309332,0.8348072449309332,0.8348072449309332
314.75,1.362933150497477,1.362933150497477,1.362933150497477,1.362933150497477
315.0,1.1196904387873474,1.1196904387873474,1.1196904387873474,1.1196904387873474
315.25,0.5195671813277696,0.5195671813277696,0.5195671813277696,0.5195671813277696
315.5,0.3316014026733684,0.3316014026733684,0.3316014026733684,0.3316014026733684
316.0,0.2827824324483522,0.2827824324483522,0.2827824324483522,0.2827824324483522
316.25,0.9619562240475096,0.9619562240475096,0.9619562240475096,0.9619562240475096
316.5,0.8259359721745969,0.8259359721745969,0.8259359721745969,0.8259359721745969
317.0,0.6406257409597343,0.6406257409597343,0.6406257409597343,0.6406257409597343
317.25,1.1722561825742068,1.1722561825742068,1.1722561825742068,1.1722561825742068
317.5,1.4462408048889643,1.4462408048889643,1.4462408048889643,1.4462408048889643
318.0,0.4810533492136228,0.4810533492136228,0.4810533492136228,0.4810533492136228
318.25,1.0425411358174268,1.0425411358174268,1.0425411358174268,1.0425411358174268
318.5,0.5062949310998851,0.5062949310998851,0.5062949310998851,0.5062949310998851
318.75,0.6414433093629582,0.6414433093629582,0.6414433093629582,0.6414433093629582
319.25,0.8295570931496333,0.8295570931496333,0.8295570931496333,0.8295570931496333
319.5,1.095479060121069,1.095479060121069,1.095479060121069,1.095479060121069
319.75,0.8155680731252879,0.8155680731252879,0.8155680731252879,0.8155680731252879
320.25,0.346370787950485,0.346370787950485,0.346370787950485,0.346370787950485
320.5,2.055396678742804,2.055396678742804,2.055396678742804,2.055396678742804
320.75,1.0291797808960754,1.0291797808960754,1.0291797808960754,1.0291797808960754
321.25,1.0600352194939613,1.0600352194939613,1.0600352194939613,1.0600352194939613
321.5,0.2367731498870394,0.2367731498870394,0.2367731498870394,0.2367731498870394
321.75,0.0514917837466741,0.0514917837466741,0.0514917837466741,0.0514917837466741
322.0,0.4705074908076565,0.4705074908076565,0.4705074908076565,0.4705074908076565
322.5,0.126113544948223,0.126113544948223,0.126113544948223,0.126113544948223
322.75,0.8738643475676512,0.8738643475676512,0.8738643475676512,0.8738643475676512
323.0,0.3571959678641724,0.3571959678641724,0.3571959678641724,0.3571959678641724
323.5,0.5285497739780675,0.5285497739780675,0.5285497739780675,0.5285497739780675
323.75,0.7371593514521279,0.7371593514521279,0.7371593514521279,0.7371593514521279
324.0,1.2603777957438955,1.2603777957438955,1.2603777957438955,1.2603777957438955
324.5,0.2422409933858846,0.2422409933858846,0.2422409933858846,0.2422409933858846
324.75,0.3056501073582463,0.3056501073582463,0.3056501073582463,0.3056501073582463
325.0,0.8130564866887481,0.8130564866887481,0.8130564866887481,0.8130564866887481
325.5,0.7855226291862765,0.7855226291862765,0.7855226291862765,0.7855226291862765
325.75,1.1447322766594543,1.1447322766594543,1.1447322766594543,1.1447322766594543
326.0,0.0609408775094991,0.0609408775094991,0.0609408775094991,0.0609408775094991
326.25,0.2281788379288704,0.2281788379288704,0.2281788379288704,0.2281788379288704
326.75,1.5655747383731171,1.5655747383731171,1.5655747383731171,1.5655747383731171
327.0,0.4847059194429147,0.4847059194429147,0.4847059194429147,0.4847059194429147
327.25,0.3442541165802151,0.3442541165802151,0.3442541165802151,0.3442541165802151
327.75,0.3911426823874898,0.3911426823874898,0.3911426823874898,0.3911426823874898
328.0,1.2818847992788776,1.2818847992788776,1.2818847992788776,1.2818847992788776
328.25,0.2133991358274893,0.2133991358274893,0.2133991358274893,0.2133991358274893
328.75,0.887086686447724,0.887086686447724,0.887086686447724,0.887086686447724
329.0,1.2242250846769858,1.2242250846769858,1.2242250846769858,1.2242250846769858
329.25,1.4702251654197824,1.4702251654197824,1.4702251654197824,1.4702251654197824
329.5,1.101007184237849,1.101007184237849,1.101007184237849,1.101007184237849
330.0,0.6306419217323985,0.6306419217323985,0.6306419217323985,0.6306419217323985
330.25,0.7418132807355377,0.7418132807355377,0.7418132807355377,0.7418132807355377
330.5,0.4133124816273848,0.4133124816273848,0.4133124816273848,0.4133124816273848
331.0,0.0732358529501002,0.0732358529501002,0.0732358529501002,0.0732358529501002
331.25,0.2628396432979712,0.2628396432979712,0.2628396432979712,0.2628396432979712
331.5,0.894955057758364,0.894955057758364,0.894955057758364,0.894955057758364
332.0,0.7381453706787913,0.7381453706787913,0.7381453706787913,0.7381453706787913
332.25,0.3324560805109807,0.3324560805109807,0.3324560805109807,0.3324560805109807
332.5,1.0946111697014147,1.0946111697014147,1.0946111697014147,1.0946111697014147
332.75,0.4231533400724565,0.4231533400724565,0.4231533400724565,0.4231533400724565
333.25,0.157762513960875,0.157762513960875,0.157762513960875,0.157762513960875
333.5,0.7407890886090291,0.7407890886090291,0.7407890886090291,0.7407890886090291
333.75,0.5612997168254571,0.5612997168254571,0.5612997168254571,0.5612997168254571
334.25,0.6926288635543323,0.6926288635543323,0.6926288635543323,0.6926288635543323
334.5,0.5445464939501202,0.5445464939501202,0.5445464939501202,0.5445464939501202
334.75,0.7433810038053406,0.7433810038053406,0.7433810038053406,0.7433810038053406
335.25,1.11626450892428,1.11626450892428,1.11626450892428,1.11626450892428
335.5,0.5999097858069287,0.5999097858069287,0.5999097858069287,0.5999097858069287
335.75,0.7401791096999453,0.7401791096999453,0.7401791096999453,0.7401791096999453
336.0,0.3506348885934199,0.3506348885934199,0.3506348885934199,0.3506348885934199
336.5,0.1372681358088213,0.1372681358088213,0.1372681358088213,0.1372681358088213
336.75,0.2750426789444893,0.2750426789444893,0.2750426789444893,0.2750426789444893
337.0,0.2352854241190439,0.2352854241190439,0.2352854241190439,0.2352854241190439
337.5,0.8070688004878164,0.8070688004878164,0.8070688004878164,0.8070688004878164
337.75,0.3101117807368052,0.3101117807368052,0.3101117807368052,0.3101117807368052
338.0,0.0490830487107519,0.0490830487107519,0.0490830487107519,0.0490830487107519
338.5,1.3622653843843289,1.3622653843843289,1.3622653843843289,1.3622653843843289
338.75,1.678347685294698,1.678347685294698,1.678347685294698,1.678347685294698
339.0,0.7252411790972966,0.7252411790972966,0.7252411790972966,0.7252411790972966
