Sweeps,Channel 2
0,-12.38465405
1,26.32932663
2,-14.94849396
3,-1.488335013
4,-0.7191830873
5,-25.97300529
6,-12.51284599
7,19.27876854
8,-33.66452408
9,-26.1011982
10,10.68990421
11,-35.20282745
12,20.68887901
13,4.921264648
14,-28.53684616
15,-14.82030201
16,32.86711884
17,0.0499688983
18,-18.6660614
19,1.331888795
20,-26.22938919
21,11.7154398
22,-43.02254105
23,-12.38465405
24,14.79204845
25,-8.026126862
26,14.9202404
27,3.382960796
28,-24.94746971
29,-29.81876564
30,20.43249512
31,-25.07566071
32,17.09950447
33,-2.385679007
34,2.998384714
35,-28.66503716
36,15.43300819
37,-5.590478897
38,-3.411214828
39,-5.462286949
40,-18.28148651
41,-4.052175045
42,-10.20539093
43,3.382960796
44,-14.30753422
45,-12.12827015
46,24.66283226
47,50.55761337
48,28.6367836
49,-19.0506382
50,35.6873436
51,11.84363174
52,-8.282510757
53,26.45751953
54,-2.385679007
55,-15.7176466
56,-1.616526961
57,-4.180366993
58,-17.76871872
59,-19.43521309
60,-8.410702705
61,25.81655884
62,-13.15380669
63,-19.17882919
64,20.04792023
65,-11.35911846
66,-17.89690971
67,3.126576662
68,-17.64052582
69,-21.22990227
70,7.869680405
71,-26.48577309
72,-12.0000782
73,9.792560577
74,-39.0485878
75,19.79153633
76,11.202672
77,-36.99751663
78,-37.25390244
79,18.89419174
80,-20.97351837
81,12.35640049
82,11.4590559
83,8.638832092
84,-5.205902576
85,-23.15278244
86,-22.76820564
87,8.638832092
88,-27.89588547
89,-4.308558941
90,2.998384714
91,-20.97351837
92,-0.5909910798
93,12.61278439
94,-10.58996677
95,-24.81927681
96,22.99633598
97,-31.99802971
98,-21.99905396
99,31.71339035
100,-17.38414192
101,-1.360143065
102,39.91767883
103,9.792560577
104,-12.76922989
105,26.58571053
106,-29.81876564
107,-12.76922989
108,-29.17780495
109,-2.385679007
110,39.14852524
111,7.100528717
112,-43.27892303
113,24.66283226
114,-10.58996677
115,-5.975054741
116,-7.000590801
117,-6.487822533
118,-1.10375905
119,-8.282510757
120,-21.10170937
121,25.04740715
122,-39.68954849
123,-6.103246689
124,10.56171227
125,-17.12775803
126,12.86916828
127,-20.58894157
128,-7.256974697
129,-16.48679733
130,11.202672
131,-17.64052582
132,-15.97403049
133,7.869680405
134,-31.10068512
135,-20.07617378
136,9.664368629
137,-29.04961395
138,-18.9224453
139,0.3063528836
140,-4.949518681
141,-27.25492477
142,-44.81723022
143,-9.051662445
144,1.07550478
145,30.55966377
146,-7.256974697
147,-13.02561474
148,-43.91988373
149,-3.026638985
150,-0.3346070647
151,11.97182465
152,33.25169373
153,-8.795278549
154,4.793072701
155,9.664368629
156,17.61227226
157,3.895728588
158,12.35640049
159,-25.07566071
160,-7.256974697
161,22.48356819
162,9.407984734
163,-35.97198105
164,18.12504005
165,-21.74267006
166,-19.94798279
167,4.921264648
168,-12.2564621
169,-7.256974697
170,-24.30650902
171,-20.58894157
172,27.86763191
173,-34.17729187
174,2.742000818
175,20.30430412
176,19.40695953
177,-35.45921326
178,63.24862289
179,6.074992657
180,-19.69159889
181,24.91921616
182,-13.02561474
183,-24.05012512
184,7.741488457
185,-8.667086601
186,2.613808632
187,-37.76667023
188,-19.69159889
189,20.56068802
190,5.43403244
191,17.35588837
192,5.305840492
193,-10.84635067
194,-30.20334053
195,-3.026638985
196,4.408496857
197,9.023407936
198,4.023920536
199,-8.923470497
200,0.5627368689
201,-0.5909910798
202,-26.35758209
203,29.53412628
204,4.280304432
205,-2.513870955
206,9.023407936
207,32.35435104
208,-11.48731041
209,-29.30599785
210,27.73943901
211,8.382448196
212,-16.23041344
213,-13.92295837
214,-26.22938919
215,-2.642062902
216,-43.53530884
217,20.43249512
218,6.331376553
219,-15.46126175
220,-11.87188625
221,5.305840492
222,-21.48628616
223,-2.513870955
224,23.12452698
225,-29.30599785
226,-7.256974697
227,15.30481625
228,-7.769742489
229,-8.538894653
230,29.14955139
231,-7.897934437
232,-23.66555023
233,24.02187157
234,-29.81876564
235,0.6909288764
236,15.68939209
237,-25.5884304
238,33.76446152
239,-0.3346070647
240,-51.86778641
241,25.04740715
242,-0.07822309434
243,-19.43521309
244,-6.359630585
245,10.30532837
246,16.71492767
247,1.844656825
248,-24.94746971
249,1.07550478
250,-38.02305222
251,13.89470387
252,8.510640144
253,-11.48731041
254,2.742000818
255,-28.02407837
256,-14.69211006
257,-12.0000782
258,13.89470387
259,-12.51284599
260,-15.3330698
261,-4.180366993
262,-16.87137413
263,5.177648544
264,8.638832092
265,-18.9224453
266,-9.564430237
267,-5.718670845
268,-21.48628616
269,10.68990421
270,7.100528717
271,-35.45921326
272,-19.94798279
273,20.17611122
274,-6.744206905
275,7.613296509
276,0.5627368689
277,-24.81927681
278,-9.436238289
279,-16.99956703
280,4.280304432
281,16.20215988
282,-33.27994919
283,-4.564942837
284,6.331376553
285,-24.69108582
286,-8.026126862
287,11.4590559
288,-3.026638985
289,24.53463936
290,32.09796524
291,-3.923982859
292,13.51012802
293,-9.949006081
294,-21.10170937
295,4.023920536
296,-6.744206905
297,-11.87188625
298,-22.25543785
299,15.1766243
300,5.690416336
301,-23.53735733
302,41.58417511
303,28.5085907
304,-19.17882919
305,-45.84276581
306,69.91460419
307,-8.667086601
308,-0.7191830873
309,30.04689598
310,-12.89742279
311,-8.667086601
312,13.51012802
313,-8.795278549
314,29.79051208
315,-27.25492477
316,-9.179854393
317,-7.000590801
318,-1.744719028
319,14.02289581
320,4.921264648
321,-0.07822309434
322,-18.28148651
323,1.972848773
324,-15.84583855
325,-2.513870955
326,-6.487822533
327,-2.77025485
328,-3.795790911
329,4.280304432
330,-26.87034988
331,-2.77025485
332,11.84363174
333,-0.8473750353
334,-24.81927681
335,-14.17934227
336,32.48254395
337,8.254256248
338,-3.154830933
339,-13.02561474
340,-13.66657448
341,-1.488335013
342,8.895215988
343,-9.692622185
344,11.33086395
345,-32.51079559
346,-18.40967751
347,12.22820854
348,6.203184605
349,9.664368629
350,8.510640144
351,-14.17934227
352,-27.63950157
353,18.25323105
354,-32.63898849
355,-12.64103794
356,36.45649338
357,-12.64103794
358,-19.43521309
359,21.45803261
360,-14.30753422
361,7.485104561
362,24.40644836
363,-22.64001465
364,-7.769742489
365,-14.94849396
366,-35.71559525
367,30.30327988
368,-26.22938919
369,-7.385166645
370,31.96977425
371,-18.9224453
372,-37.12570953
373,31.71339035
374,12.22820854
375,-17.12775803
376,8.895215988
377,-32.38260651
378,-10.97454262
379,16.20215988
380,-2.129294872
381,10.94628811
382,-11.87188625
383,-10.46177483
384,-12.89742279
385,7.997872353
386,7.485104561
387,-26.74215698
388,-2.257487059
389,-18.9224453
390,-28.66503716
391,21.45803261
392,-2.129294872
393,-18.7942543
394,7.228720665
395,-6.616014481
396,-10.71815872
397,32.99531174
398,-7.897934437
399,-7.385166645
400,3.382960796
401,-41.99700546
402,5.562224388
403,-5.590478897
404,5.946800709
405,9.407984734
406,-9.692622185
407,-33.27994919
408,-4.052175045
409,-25.07566071
410,2.870192766
411,-5.846862793
412,-15.97403049
413,-12.0000782
414,-1.744719028
415,-9.179854393
416,-9.692622185
417,8.76702404
418,-12.64103794
419,-29.81876564
420,6.715952396
421,-11.61550236
422,-4.180366993
423,-12.76922989
424,-11.10273457
425,-8.667086601
426,17.61227226
427,21.32983971
428,-35.84378815
429,-31.74164581
430,47.22462082
431,-13.02561474
432,-18.40967751
433,44.53258896
434,-33.66452408
435,-29.43418884
436,24.02187157
437,6.972336292
438,4.023920536
439,0.6909288764
440,-1.10375905
441,-21.48628616
442,-18.9224453
443,12.86916828
444,3.76753664
445,-7.897934437
446,-8.026126862
447,-31.61345291
448,-7.769742489
449,-17.25595093
450,12.61278439
451,-18.6660614
452,-23.28097343
453,5.305840492
454,-14.43572617
455,-9.436238289
456,34.40542221
457,-13.41019058
458,-7.256974697
459,5.305840492
460,-29.30599785
461,0.6909288764
462,13.12555218
463,-30.97249413
464,-9.179854393
465,35.0463829
466,-1.872910976
467,-23.66555023
468,4.793072701
469,-8.667086601
470,-8.282510757
471,-21.74267006
472,0.0499688983
473,0.4345448613
474,-36.35655594
475,9.151600838
476,2.870192766
477,-12.89742279
478,-22.89639854
479,25.43198395
480,-21.99905396
481,-21.22990227
482,39.66129303
483,-12.0000782
484,-4.821326733
485,23.63729477
486,17.35588837
487,-2.129294872
488,28.5085907
489,-10.58996677
490,-3.923982859
491,-10.33358288
492,-31.35706902
493,21.9708004
494,-37.89485931
495,-13.28199863
496,30.17508698
497,-8.923470497
498,-40.33050919
499,12.35640049
500,6.715952396
501,-32.7671814
502,-2.257487059
503,-11.35911846
504,-23.40916634
505,9.536176682
506,7.485104561
507,7.613296509
508,-34.43367767
509,-7.513358593
510,-5.205902576
511,-21.87086105
512,10.30532837
513,-13.92295837
514,-19.17882919
515,2.485616684
516,-16.10222244
517,-17.76871872
518,22.35537529
519,-18.40967751
520,-33.15175629
521,-0.3346070647
522,-28.79323006
523,37.09745407
524,5.562224388
525,-23.79374123
526,7.997872353
527,25.17560005
528,-41.74061966
529,-14.30753422
530,16.71492767
531,-15.3330698
532,1.58827281
533,7.356912613
534,-30.07514954
535,-1.360143065
536,-9.051662445
537,-36.74113464
538,11.202672
539,-14.17934227
540,-10.71815872
541,-3.283022881
542,-9.051662445
543,-10.07719898
544,10.04894447
545,-18.6660614
546,12.99736023
547,2.357424736
548,-22.25543785
549,-5.077710629
550,-6.231438637
551,5.690416336
552,-4.308558941
553,-8.282510757
554,2.870192766
555,-9.179854393
556,1.972848773
557,-6.872398853
558,58.76190186
559,-8.538894653
560,-52.7651329
561,56.1980629
562,-6.231438637
563,-37.76667023
564,5.690416336
565,20.68887901
566,-28.79323006
567,15.30481625
568,-23.40916634
569,-3.283022881
570,-22.76820564
571,7.100528717
572,26.84209442
573,-22.51182175
574,6.715952396
575,-16.87137413
576,-10.46177483
577,-15.46126175
578,12.10001659
579,5.177648544
580,-26.61396599
581,10.68990421
582,3.382960796
583,-12.64103794
584,19.66334343
585,-18.9224453
586,-18.6660614
587,16.84312057
588,42.60971069
589,-33.02356339
590,-4.052175045
591,32.86711884
592,-14.69211006
593,7.228720665
594,19.02238464
595,-15.20487785
596,-10.20539093
597,-9.179854393
598,-22.51182175
599,-4.564942837
600,-14.94849396
601,24.66283226
602,-15.7176466
603,-4.693134785
604,22.73995209
605,-43.91988373
606,-8.410702705
607,13.25374413
608,-20.84532547
609,-1.616526961
610,28.6367836
611,-10.46177483
612,-20.58894157
613,21.32983971
614,-32.2544136
615,0.1781608909
616,-3.923982859
617,-13.02561474
618,-0.3346070647
619,-26.61396599
620,-10.07719898
621,40.81502151
622,-20.07617378
623,-31.86983681
624,33.89265442
625,-4.436750889
626,-13.15380669
627,10.04894447
628,-5.205902576
629,-20.97351837
630,-11.10273457
631,-16.87137413
632,9.023407936
633,-31.22887802
634,1.203696847
635,-0.07822309434
636,-30.45972443
637,11.84363174
638,-36.99751663
639,0.5627368689
640,-3.923982859
641,16.58673668
642,-23.02458954
643,-20.58894157
644,6.587760448
645,-5.462286949
646,-14.56391811
647,21.45803261
648,-18.7942543
649,-14.82030201
650,36.45649338
651,-49.43214035
652,7.356912613
653,7.613296509
654,-23.15278244
655,5.43403244
656,1.844656825
657,-31.74164581
658,-0.9755670428
659,19.15057564
660,0.0499688983
661,-17.51233482
662,-0.9755670428
663,-7.897934437
664,-18.53787041
665,-13.53838253
666,12.74097633
667,-13.53838253
668,19.40695953
669,-10.97454262
670,-2.129294872
671,-28.28046227
672,-3.795790911
673,7.613296509
674,0.3063528836
675,6.587760448
676,-18.28148651
677,14.27927971
678,-4.436750889
679,3.639344692
680,14.66385651
681,-2.77025485
682,-10.58996677
683,8.638832092
684,42.2251358
685,-19.94798279
686,-25.7166214
687,30.30327988
688,-39.3049736
689,-38.15124512
690,1.331888795
691,6.844144344
692,-20.84532547
693,5.818608761
694,-12.2564621
695,-15.7176466
696,-24.05012512
697,11.97182465
698,-8.667086601
699,-11.23092651
700,-4.052175045
701,12.74097633
702,8.895215988
703,-10.33358288
704,4.536688805
705,-22.64001465
706,-1.616526961
707,11.84363174
708,-6.744206905
709,-29.17780495
710,26.07294273
711,-27.12673378
712,15.68939209
713,19.53515244
714,-19.69159889
715,6.715952396
716,-1.872910976
717,-30.58791733
718,-19.30702209
719,11.202672
720,4.793072701
721,-13.15380669
722,0.6909288764
723,-7.385166645
724,-18.7942543
725,10.43352032
726,-15.97403049
727,-11.74369431
728,-16.48679733
729,19.66334343
730,0.6909288764
731,-17.76871872
732,6.331376553
733,-24.43470192
734,1.331888795
735,1.972848773
736,-7.513358593
737,-1.744719028
738,-0.206415087
739,-20.58894157
740,-10.71815872
741,10.81809616
742,9.664368629
743,-11.48731041
744,-10.71815872
745,-24.17831802
746,52.99326324
747,6.459568501
748,-13.66657448
749,22.09899139
750,22.09899139
751,-62.50772476
752,14.9202404
753,11.4590559
754,-23.66555023
755,-15.3330698
756,1.07550478
757,-35.33102036
758,-33.27994919
759,-1.231950998
760,-1.231950998
761,-15.7176466
762,10.04894447
763,-10.07719898
764,-0.4627990723
765,-15.7176466
766,19.27876854
767,-9.949006081
768,-29.17780495
769,11.33086395
770,-9.436238289
771,-5.718670845
772,25.94475174
773,18.25323105
774,-1.488335013
775,37.09745407
776,-30.33153343
777,2.870192766
778,13.38193607
779,-47.63745117
780,7.869680405
781,29.02135849
782,-34.30548477
783,1.331888795
784,-19.94798279
785,-17.64052582
786,-3.795790911
787,10.56171227
788,-10.84635067
789,-23.40916634
790,-14.94849396
791,-3.283022881
792,-2.77025485
793,21.8426075
794,-8.667086601
795,-12.89742279
796,-16.23041344
797,-9.949006081
798,-15.3330698
799,-10.33358288
800,12.22820854
801,-14.43572617
802,13.76651192
803,11.97182465
804,-6.359630585
805,13.25374413
806,16.84312057
807,-26.99854088
808,3.126576662
809,21.07345581
810,-30.20334053
811,0.9473128319
812,13.76651192
813,-2.385679007
814,-12.64103794
815,51.71134186
816,5.946800709
817,9.536176682
818,5.690416336
819,0.0499688983
820,0.0499688983
821,-8.282510757
822,-4.180366993
823,9.664368629
824,-34.56187057
825,6.331376553
826,-0.9755670428
827,-2.513870955
828,-3.154830933
829,-2.129294872
830,-31.35706902
831,-20.58894157
832,16.84312057
833,-21.61447716
834,3.511152744
835,34.91819
836,4.921264648
837,8.254256248
838,37.99480057
839,-17.38414192
840,0.4345448613
841,10.68990421
842,-27.25492477
843,10.04894447
844,13.12555218
845,-14.94849396
846,-6.231438637
847,-0.4627990723
848,-40.45870209
849,-12.12827015
850,15.04843235
851,-13.53838253
852,7.485104561
853,5.049456596
854,-14.17934227
855,-8.795278549
856,18.76600075
857,-8.15431881
858,-8.15431881
859,-12.51284599
860,5.049456596
861,-13.15380669
862,12.10001659
863,11.07448006
864,-14.17934227
865,-13.28199863
866,-9.179854393
867,-6.231438637
868,-10.58996677
869,-16.48679733
870,-5.590478897
871,20.56068802
872,-40.20231628
873,-19.30702209
874,-5.462286949
875,10.43352032
876,-12.2564621
877,41.96875
878,16.97131157
879,-23.02458954
880,-9.820814133
881,-32.51079559
882,0.4345448613
883,-11.35911846
884,13.51012802
885,-18.40967751
886,-26.99854088
887,-6.872398853
888,12.22820854
889,2.357424736
890,-4.693134785
891,4.280304432
892,-18.9224453
893,-21.87086105
894,3.382960796
895,11.202672
896,-1.360143065
897,-15.7176466
898,-13.02561474
899,-13.41019058
900,16.97131157
901,1.844656825
902,-10.33358288
903,-4.180366993
904,15.68939209
905,-7.128782749
906,-12.89742279
907,21.7144165
908,-17.38414192
909,-52.25236511
910,7.228720665
911,-12.38465405
912,-17.25595093
913,-14.82030201
914,-8.923470497
915,9.664368629
916,-30.45972443
917,1.07550478
918,-6.487822533
919,-19.56340599
920,-9.692622185
921,0.5627368689
922,-1.360143065
923,-8.15431881
924,26.84209442
925,-19.94798279
926,2.998384714
927,24.91921616
928,-14.05115032
929,6.074992657
930,0.6909288764
931,-19.69159889
932,-0.4627990723
933,16.84312057
934,-26.61396599
935,11.7154398
936,7.100528717
937,-45.58638
938,0.6909288764
939,16.33035278
940,29.14955139
941,-30.58791733
942,29.79051208
943,-17.89690971
944,-31.86983681
945,24.02187157
946,5.177648544
947,13.63831997
948,-20.71713448
949,-10.46177483
950,-24.30650902
951,-21.10170937
952,24.27825546
953,19.79153633
954,-10.71815872
955,-0.7191830873
956,9.920752525
957,3.639344692
958,-21.61447716
959,-0.07822309434
960,-9.564430237
961,3.895728588
962,14.79204845
963,0.4345448613
964,-8.026126862
965,11.58724785
966,-9.949006081
967,34.40542221
968,3.76753664
969,-34.94644547
970,8.126064301
971,-2.513870955
972,-20.07617378
973,21.8426075
974,7.485104561
975,-38.53582001
976,-9.564430237
977,-9.436238289
978,-11.74369431
979,-12.89742279
980,-4.436750889
981,-8.538894653
982,-14.05115032
983,-15.20487785
984,-2.642062902
985,1.972848773
986,-9.436238289
987,-3.026638985
988,-3.667598963
989,9.792560577
990,6.203184605
991,-11.61550236
992,36.32830429
993,-3.795790911
994,-18.53787041
995,-10.46177483
996,-7.769742489
997,-17.38414192
998,-4.180366993
999,-12.76922989
1000,-28.79323006
1001,18.50961494
1002,-24.43470192
1003,-2.385679007
1004,17.86865616
1005,-19.43521309
1006,3.511152744
1007,-6.103246689
1008,-13.02561474
1009,-5.205902576
1010,-6.616014481
1011,-5.590478897
1012,-8.282510757
1013,-25.97300529
1014,6.844144344
1015,24.27825546
1016,-9.308046341
1017,3.126576662
1018,6.459568501
1019,-7.000590801
1020,-30.07514954
1021,-0.9755670428
1022,-14.05115032
1023,-1.360143065
1024,5.562224388
1025,-24.69108582
1026,10.56171227
1027,3.382960796
1028,13.76651192
1029,11.4590559
1030,9.920752525
1031,29.02135849
1032,-15.20487785
1033,15.43300819
1034,16.33035278
1035,-26.35758209
1036,-7.897934437
1037,5.690416336
1038,-24.17831802
1039,-26.35758209
1040,8.254256248
1041,-4.821326733
1042,-23.92193413
1043,-39.56135559
1044,32.48254395
1045,11.7154398
1046,-12.2564621
1047,27.86763191
1048,3.511152744
1049,-40.33050919
1050,-15.3330698
1051,21.7144165
1052,-34.81825256
1053,-2.129294872
1054,15.94577599
1055,-37.38209152
1056,9.792560577
1057,16.45854378
1058,-18.40967751
1059,5.43403244
1060,-8.282510757
1061,2.870192766
1062,-2.513870955
1063,8.638832092
1064,-28.66503716
1065,8.895215988
1066,24.40644836
1067,-19.94798279
1068,-24.69108582
1069,11.202672
1070,-25.7166214
1071,-19.43521309
1072,-15.20487785
1073,-24.69108582
1074,30.43147087
1075,-26.22938919
1076,-9.949006081
1077,-7.769742489
1078,-22.76820564
1079,20.17611122
1080,18.63780785
1081,4.664880753
1082,-27.51130867
1083,14.27927971
1084,-7.256974697
1085,-7.256974697
1086,32.48254395
1087,-8.282510757
1088,3.126576662
1089,-5.205902576
1090,14.15108776
1091,-15.97403049
1092,-23.53735733
1093,10.43352032
1094,10.30532837
1095,-6.103246689
1096,17.74046326
1097,-1.10375905
1098,-33.66452408
1099,-34.43367767
1100,5.818608761
1101,22.09899139
1102,-26.87034988
1103,0.6909288764
1104,-13.53838253
1105,-23.15278244
1106,-25.4602375
1107,9.792560577
1108,1.460080862
1109,-29.56238174
1110,-6.487822533
1111,1.331888795
1112,-16.35860634
1113,16.33035278
1114,11.58724785
1115,-4.308558941
1116,-7.897934437
1117,-4.564942837
1118,-13.02561474
1119,-17.38414192
1120,18.25323105
1121,-6.103246689
1122,3.126576662
1123,-6.103246689
1124,-5.718670845
1125,21.7144165
1126,-26.61396599
1127,13.63831997
1128,25.68836784
1129,-25.8448143
1130,64.91511536
1131,0.1781608909
1132,-7.513358593
1133,2.742000818
1134,-16.61499023
1135,26.20113564
1136,3.76753664
1137,-21.74267006
1138,-16.87137413
1139,-2.513870955
1140,15.56120014
1141,-13.02561474
1142,-15.58945465
1143,-14.05115032
1144,9.664368629
1145,-13.66657448
1146,4.408496857
1147,-13.15380669
1148,-26.61396599
1149,-15.7176466
1150,-14.69211006
1151,5.946800709
1152,8.638832092
1153,-8.538894653
1154,19.66334343
1155,6.715952396
1156,-48.79117966
1157,14.5356636
1158,26.45751953
1159,-9.820814133
1160,1.716464758
1161,36.32830429
1162,-6.231438637
1163,5.818608761
1164,50.68580627
1165,-33.92090988
1166,-14.43572617
1167,-5.718670845
1168,3.126576662
1169,-24.05012512
1170,-2.898447037
1171,2.742000818
1172,-25.97300529
1173,25.68836784
1174,27.35486412
1175,-19.69159889
1176,-8.282510757
1177,34.7899971
1178,-16.48679733
1179,2.613808632
1180,20.17611122
1181,5.43403244
1182,19.66334343
1183,21.9708004
1184,-10.20539093
1185,-8.538894653
1186,2.742000818
1187,-8.667086601
1188,30.17508698
1189,-5.205902576
1190,-0.206415087
1191,16.84312057
1192,-4.821326733
1193,-29.94695663
1194,23.76548767
1195,25.04740715
1196,-19.17882919
1197,16.97131157
1198,-3.539406776
1199,-18.53787041
1200,-10.97454262
1201,7.869680405
1202,-5.718670845
1203,-34.43367767
1204,-7.897934437
1205,-23.28097343
1206,11.97182465
1207,1.972848773
1208,0.5627368689
1209,13.89470387
1210,-8.795278549
1211,-6.231438637
1212,-20.58894157
1213,-1.488335013
1214,-8.282510757
1215,3.511152744
1216,11.97182465
1217,15.04843235
1218,-9.564430237
1219,2.998384714
1220,19.91972733
1221,-15.7176466
1222,9.279792786
1223,39.91767883
1224,0.1781608909
1225,-11.23092651
1226,-1.488335013
1227,-12.76922989
1228,-19.0506382
1229,15.04843235
1230,7.228720665
1231,-7.385166645
1232,-29.69057274
1233,6.459568501
1234,-3.667598963
1235,-12.76922989
1236,24.15006256
1237,8.76702404
1238,-13.02561474
1239,-15.84583855
1240,3.126576662
1241,-41.99700546
1242,-2.77025485
1243,20.81707191
1244,0.3063528836
1245,-27.38311768
1246,1.460080862
1247,-16.23041344
1248,-23.66555023
1249,9.792560577
1250,-1.231950998
1251,-3.026638985
1252,-12.12827015
1253,-4.564942837
1254,-25.20385361
1255,11.84363174
1256,28.2522068
1257,27.61124802
1258,-21.99905396
1259,32.61073685
1260,38.12298965
1261,-33.27994919
1262,13.89470387
1263,4.536688805
1264,-15.84583855
1265,29.79051208
1266,8.382448196
1267,-0.4627990723
1268,-3.283022881
1269,26.07294273
1270,-19.69159889
1271,-11.61550236
1272,-9.051662445
1273,11.58724785
1274,-4.949518681
1275,1.07550478
1276,9.023407936
1277,-28.92142105
1278,5.562224388
1279,18.38142395
1280,-20.20436668
1281,-2.898447037
1282,19.66334343
1283,-50.97044373
1284,22.2271843
1285,14.02289581
1286,-30.45972443
1287,-12.12827015
1288,8.254256248
1289,-27.76769257
1290,-34.04910278
1291,29.79051208
1292,-29.81876564
1293,-22.89639854
1294,-3.154830933
1295,-16.87137413
1296,2.742000818
1297,-8.923470497
1298,5.305840492
1299,16.58673668
1300,-14.94849396
1301,10.17713642
1302,-0.206415087
1303,-20.71713448
1304,2.613808632
1305,31.45700645
1306,-35.20282745
1307,-2.513870955
1308,9.407984734
1309,-41.99700546
1310,-8.410702705
1311,14.79204845
1312,-31.61345291
1313,6.715952396
1314,-13.41019058
1315,-14.43572617
1316,-1.10375905
1317,-8.282510757
1318,-28.66503716
1319,58.12094116
1320,-11.48731041
1321,-25.4602375
1322,31.96977425
1323,0.8191208839
1324,-46.0991478
1325,11.7154398
1326,-5.077710629
1327,-17.51233482
1328,-21.61447716
1329,18.12504005
1330,-29.04961395
1331,-23.66555023
1332,14.5356636
1333,11.4590559
1334,-21.48628616
1335,-0.206415087
1336,-6.744206905
1337,-7.513358593
1338,11.202672
1339,20.68887901
1340,-9.820814133
1341,-13.79476643
1342,10.17713642
1343,-21.61447716
1344,-3.411214828
1345,33.37988663
1346,-12.76922989
1347,-7.897934437
1348,12.35640049
1349,-9.308046341
1350,13.51012802
1351,12.22820854
1352,-35.07463837
1353,-16.23041344
1354,24.91921616
1355,-6.487822533
1356,25.56017494
1357,1.972848773
1358,-2.642062902
1359,-1.488335013
1360,-4.949518681
1361,4.280304432
1362,-17.12775803
1363,-10.97454262
1364,-6.872398853
1365,16.45854378
1366,-10.71815872
1367,5.946800709
1368,-19.43521309
1369,-12.51284599
1370,-4.564942837
1371,-7.128782749
1372,2.870192766
1373,1.07550478
1374,13.89470387
1375,-7.256974697
1376,-2.385679007
1377,22.09899139
1378,26.71390343
1379,-21.99905396
1380,9.151600838
1381,39.78948593
1382,-22.25543785
1383,13.38193607
1384,-5.334095001
1385,2.485616684
1386,-26.87034988
1387,60.17201233
1388,-7.256974697
1389,-39.9459343
1390,17.99684715
1391,-31.48526192
1392,-7.000590801
1393,-23.53735733
1394,16.97131157
1395,-19.56340599
1396,-21.48628616
1397,-5.975054741
1398,6.203184605
1399,-9.564430237
1400,-18.40967751
1401,22.86814308
1402,-30.20334053
1403,-16.48679733
1404,3.511152744
1405,0.4345448613
1406,-14.05115032
1407,33.76446152
1408,-12.51284599
1409,3.511152744
1410,23.50910378
1411,-48.66298676
1412,23.12452698
1413,-12.2564621
1414,-23.28097343
1415,3.76753664
1416,17.61227226
1417,-7.385166645
1418,-22.64001465
1419,-6.616014481
1420,-34.69005966
1421,6.203184605
1422,7.613296509
1423,5.946800709
1424,2.229232788
1425,3.76753664
1426,1.460080862
1427,-11.35911846
1428,22.99633598
1429,1.203696847
1430,-1.744719028
1431,7.228720665
1432,-17.76871872
1433,-0.7191830873
1434,-16.10222244
1435,26.32932663
1436,0.3063528836
1437,-31.61345291
1438,13.38193607
1439,-13.02561474
1440,-7.641550541
1441,3.895728588
1442,-0.5909910798
1443,-20.46075058
1444,17.99684715
1445,2.229232788
1446,24.53463936
1447,2.613808632
1448,18.76600075
1449,-22.25543785
1450,27.73943901
1451,-10.97454262
1452,-30.84430122
1453,8.510640144
1454,-7.513358593
1455,2.613808632
1456,-15.3330698
1457,-14.94849396
1458,-25.7166214
1459,-25.20385361
1460,-2.513870955
1461,26.07294273
1462,-2.513870955
1463,-18.53787041
1464,13.51012802
1465,-10.33358288
1466,-3.667598963
1467,16.45854378
1468,-22.64001465
1469,0.8191208839
1470,9.151600838
1471,-12.12827015
1472,-7.513358593
1473,23.12452698
1474,-14.94849396
1475,-19.17882919
1476,-6.744206905
1477,-44.17626953
1478,10.30532837
1479,17.35588837
1480,-14.05115032
1481,-10.58996677
1482,-8.538894653
1483,-15.07668591
1484,17.99684715
1485,7.228720665
1486,-34.43367767
1487,11.202672
1488,-13.79476643
1489,-25.7166214
1490,-12.12827015
1491,11.7154398
1492,-1.360143065
1493,-4.052175045
1494,-12.51284599
1495,-7.256974697
1496,-44.43265152
1497,1.460080862
1498,-22.76820564
1499,-22.76820564
1500,26.32932663
1501,-0.7191830873
1502,17.86865616
1503,8.382448196
1504,-35.97198105
1505,-17.76871872
1506,8.895215988
1507,-22.51182175
1508,11.97182465
1509,-15.46126175
1510,-8.15431881
1511,57.09540558
1512,8.895215988
1513,-13.66657448
1514,-20.84532547
1515,7.869680405
1516,-3.795790911
1517,-10.97454262
1518,27.61124802
1519,14.79204845
1520,21.45803261
1521,-14.43572617
1522,-9.051662445
1523,0.3063528836
1524,-23.28097343
1525,24.15006256
1526,-4.180366993
1527,-28.28046227
1528,-6.872398853
1529,18.89419174
1530,-29.17780495
1531,-12.89742279
1532,16.33035278
1533,-42.38158035
1534,7.485104561
1535,4.152112484
1536,-29.43418884
1537,-3.154830933
1538,9.279792786
1539,-14.69211006
1540,26.58571053
1541,-42.50977325
1542,-27.25492477
1543,16.33035278
1544,-11.23092651
1545,9.536176682
1546,7.741488457
1547,-27.25492477
1548,-39.56135559
1549,-0.8473750353
1550,3.76753664
1551,-8.410702705
1552,-2.129294872
1553,-26.74215698
1554,-4.052175045
1555,-21.22990227
1556,21.8426075
1557,7.613296509
1558,-11.35911846
1559,-5.077710629
1560,-6.231438637
1561,-8.538894653
1562,-52.12417221
1563,11.202672
1564,-13.66657448
1565,-16.10222244
1566,21.5862236
1567,-2.385679007
1568,3.126576662
1569,1.203696847
1570,-18.53787041
1571,-18.28148651
1572,16.97131157
1573,-21.22990227
1574,-0.8473750353
1575,12.61278439
1576,16.58673668
1577,43.37886429
1578,8.126064301
1579,-40.07412338
1580,-9.820814133
1581,-5.205902576
1582,-6.487822533
1583,30.68785477
1584,1.460080862
1585,-18.02510262
1586,-38.40762711
1587,9.792560577
1588,20.68887901
1589,1.07550478
1590,-3.154830933
1591,19.02238464
1592,-28.79323006
1593,-17.25595093
1594,31.20062256
1595,2.742000818
1596,-3.667598963
1597,-1.488335013
1598,-28.15226936
1599,-3.539406776
1600,5.818608761
1601,-1.616526961
1602,-18.28148651
1603,-4.180366993
1604,-21.99905396
1605,31.32881546
1606,-29.81876564
1607,-28.79323006
1608,35.30276871
1609,4.664880753
1610,-28.15226936
1611,9.664368629
1612,1.331888795
1613,-29.69057274
1614,-3.026638985
1615,-7.256974697
1616,-5.846862793
1617,-22.76820564
1618,-15.97403049
1619,-6.872398853
1620,-36.61294174
1621,7.741488457
1622,-4.308558941
1623,-28.28046227
1624,8.382448196
1625,-13.28199863
1626,-7.513358593
1627,-27.38311768
1628,25.43198395
1629,-5.077710629
1630,-17.25595093
1631,25.04740715
1632,-4.052175045
1633,-5.975054741
1634,14.79204845
1635,-7.000590801
1636,38.37937546
1637,14.27927971
1638,-45.9709549
1639,41.19960022
1640,-20.07617378
1641,-17.89690971
1642,36.32830429
1643,8.510640144
1644,-8.538894653
1645,16.71492767
1646,28.2522068
1647,4.152112484
1648,5.049456596
1649,15.1766243
1650,0.0499688983
1651,-22.64001465
1652,-25.20385361
1653,13.76651192
1654,12.10001659
1655,1.331888795
1656,6.203184605
1657,-13.28199863
1658,-1.872910976
1659,-5.846862793
1660,-10.07719898
1661,-1.231950998
1662,-14.94849396
1663,-13.53838253
1664,9.536176682
1665,24.53463936
1666,-13.79476643
1667,0.6909288764
1668,2.998384714
1669,10.17713642
1670,-25.4602375
1671,46.32727814
1672,26.32932663
1673,-15.97403049
1674,-26.74215698
1675,-3.795790911
1676,-10.71815872
1677,-14.56391811
1678,-10.71815872
1679,-19.43521309
1680,-1.360143065
1681,-31.99802971
1682,25.04740715
1683,5.690416336
1684,-49.04756546
1685,12.61278439
1686,4.536688805
1687,-25.5884304
1688,-3.667598963
1689,7.356912613
1690,-28.40865326
1691,-24.17831802
1692,21.07345581
1693,-9.949006081
1694,-23.40916634
1695,28.8931675
1696,-7.769742489
1697,2.613808632
1698,20.17611122
1699,-29.69057274
1700,0.4345448613
1701,17.86865616
1702,-19.81978989
1703,43.76343918
1704,13.25374413
1705,-31.99802971
1706,17.99684715
1707,-26.1011982
1708,-37.63847733
1709,17.86865616
1710,-28.79323006
1711,11.4590559
1712,7.485104561
1713,-27.12673378
1714,-4.821326733
1715,15.43300819
1716,-2.257487059
1717,31.45700645
1718,-18.28148651
1719,4.921264648
1720,24.02187157
1721,-10.07719898
1722,-3.154830933
1723,-6.872398853
1724,-18.40967751
1725,-9.051662445
1726,-8.667086601
1727,8.254256248
1728,10.17713642
1729,-0.4627990723
1730,2.870192766
1731,15.43300819
1732,-3.795790911
1733,-1.231950998
1734,19.27876854
1735,-26.61396599
1736,-29.04961395
1737,25.17560005
1738,6.587760448
1739,-1.616526961
1740,-1.488335013
1741,-9.820814133
1742,-45.71457291
1743,6.587760448
1744,-0.4627990723
1745,6.331376553
1746,-7.641550541
1747,-18.28148651
1748,1.844656825
1749,-23.28097343
1750,17.86865616
1751,-11.87188625
1752,-21.35809326
1753,-21.87086105
1754,0.8191208839
1755,-18.53787041
1756,9.920752525
1757,23.12452698
1758,2.229232788
1759,-7.897934437
1760,13.25374413
1761,-9.436238289
1762,-12.2564621
1763,-23.92193413
1764,-6.744206905
1765,15.68939209
1766,-30.71611023
1767,-4.821326733
1768,47.22462082
1769,16.20215988
1770,-41.99700546
1771,40.04587173
1772,-18.9224453
1773,-13.92295837
1774,26.71390343
1775,-21.87086105
1776,-22.64001465
1777,16.07396889
1778,-4.180366993
1779,16.33035278
1780,-33.02356339
1781,-9.949006081
1782,1.460080862
1783,12.22820854
1784,3.76753664
1785,-11.74369431
1786,-11.61550236
1787,-10.58996677
1788,13.51012802
1789,-15.3330698
1790,-5.718670845
1791,1.460080862
1792,-15.84583855
1793,-16.10222244
1794,8.126064301
1795,-30.84430122
1796,-18.40967751
1797,-7.897934437
1798,-7.897934437
1799,10.56171227
1800,24.91921616
1801,-16.10222244
1802,-15.3330698
1803,15.04843235
1804,-12.89742279
1805,-23.28097343
1806,-14.30753422
1807,-6.872398853
1808,12.61278439
1809,-32.2544136
1810,-19.56340599
1811,-2.77025485
1812,-23.15278244
1813,-14.43572617
1814,5.562224388
1815,-15.7176466
1816,-8.538894653
1817,1.203696847
1818,-22.12724495
1819,2.613808632
1820,-2.898447037
1821,7.356912613
1822,-20.97351837
1823,1.460080862
1824,-0.206415087
1825,-18.28148651
1826,4.023920536
1827,-5.718670845
1828,-2.257487059
1829,-0.4627990723
1830,-2.642062902
1831,-7.769742489
1832,-15.7176466
1833,24.91921616
1834,55.04433441
1835,3.382960796
1836,-35.20282745
1837,49.1475029
1838,-29.94695663
1839,-39.9459343
1840,14.5356636
1841,3.639344692
1842,-13.66657448
1843,-2.77025485
1844,-10.84635067
1845,0.6909288764
1846,-44.17626953
1847,-1.360143065
1848,15.94577599
1849,-5.077710629
1850,3.76753664
1851,-9.949006081
1852,-15.97403049
1853,8.126064301
1854,7.741488457
1855,-25.97300529
1856,-17.76871872
1857,4.023920536
1858,-17.89690971
1859,-12.2564621
1860,17.09950447
1861,-32.51079559
1862,4.408496857
1863,23.38091087
1864,-34.30548477
1865,-23.53735733
1866,29.91870308
1867,-3.667598963
1868,11.07448006
1869,32.22615814
1870,-5.462286949
1871,-14.30753422
1872,-8.15431881
1873,-22.76820564
1874,4.664880753
1875,-17.12775803
1876,-6.616014481
1877,-10.58996677
1878,-11.10273457
1879,-13.79476643
1880,-3.283022881
1881,-13.92295837
1882,-12.12827015
1883,6.587760448
1884,-19.0506382
1885,-15.20487785
1886,11.202672
1887,-23.40916634
1888,-12.0000782
1889,-7.513358593
1890,-0.8473750353
1891,-8.538894653
1892,-5.334095001
1893,14.5356636
1894,22.48356819
1895,-3.795790911
1896,9.279792786
1897,-0.4627990723
1898,8.76702404
1899,-47.25287628
1900,61.32574081
1901,4.536688805
1902,-18.9224453
1903,12.22820854
1904,-8.795278549
1905,-23.53735733
1906,7.741488457
1907,-31.86983681
1908,8.126064301
1909,-34.94644547
1910,3.76753664
1911,31.07243156
1912,-31.99802971
1913,7.228720665
1914,10.30532837
1915,-20.33255768
1916,2.998384714
1917,16.07396889
1918,-27.76769257
1919,-23.02458954
1920,6.074992657
1921,-29.04961395
1922,8.76702404
1923,8.382448196
1924,-3.667598963
1925,-7.128782749
1926,13.76651192
1927,-25.5884304
1928,-9.308046341
1929,-15.20487785
1930,14.02289581
1931,14.40747166
1932,4.664880753
1933,13.89470387
1934,-19.0506382
1935,-20.46075058
1936,-1.360143065
1937,13.25374413
1938,-19.56340599
1939,8.76702404
1940,-23.53735733
1941,-20.20436668
1942,-10.97454262
1943,-0.206415087
1944,-17.64052582
1945,7.100528717
1946,-25.7166214
1947,6.203184605
1948,-7.385166645
1949,1.07550478
1950,-9.308046341
1951,-22.64001465
1952,19.40695953
1953,-29.30599785
1954,11.33086395
1955,29.66231918
1956,6.459568501
1957,-36.35655594
1958,-1.488335013
1959,30.30327988
1960,-47.50926208
1961,12.22820854
1962,-14.17934227
1963,24.53463936
1964,12.86916828
1965,70.68375397
1966,-10.33358288
1967,-23.02458954
1968,14.9202404
1969,-16.23041344
1970,-18.53787041
1971,-4.052175045
1972,15.81758404
1973,7.100528717
1974,-35.84378815
1975,9.664368629
1976,14.79204845
1977,-4.436750889
1978,6.715952396
1979,0.9473128319
1980,-21.99905396
1981,-23.02458954
1982,26.45751953
1983,-14.17934227
1984,-23.15278244
1985,0.8191208839
1986,-5.077710629
1987,-15.84583855
1988,16.71492767
1989,-46.48372269
1990,28.3803997
1991,19.79153633
1992,-11.23092651
1993,24.40644836
1994,8.254256248
1995,-11.48731041
1996,-4.949518681
1997,17.74046326
1998,8.638832092
1999,8.510640144
2000,-4.052175045
2001,-10.84635067
2002,-19.30702209
2003,-29.94695663
2004,8.76702404
2005,-42.63796616
2006,18.50961494
2007,-6.616014481
2008,-31.86983681
2009,14.9202404
2010,-14.43572617
2011,-6.616014481
2012,5.562224388
2013,23.63729477
2014,-22.76820564
2015,-30.20334053
2016,16.45854378
2017,-28.28046227
2018,-2.642062902
2019,20.30430412
2020,-35.07463837
2021,-25.5884304
2022,3.76753664
2023,-37.76667023
2024,-2.129294872
2025,-2.898447037
2026,-3.154830933
2027,42.60971069
2028,28.8931675
2029,16.71492767
2030,-26.1011982
2031,5.049456596
2032,-0.9755670428
2033,6.459568501
2034,-31.86983681
2035,11.202672
2036,-26.99854088
2037,-18.6660614
2038,25.68836784
2039,9.151600838
2040,-5.077710629
2041,-21.87086105
2042,14.66385651
2043,-37.12570953
2044,-9.692622185
2045,17.35588837
2046,-18.53787041
2047,-2.257487059
2048,-24.17831802
2049,-16.99956703
2050,-10.33358288
2051,-6.487822533
2052,-3.923982859
2053,-12.0000782
2054,10.30532837
2055,5.305840492
2056,19.15057564
2057,-22.25543785
2058,-15.3330698
2059,11.33086395
2060,-15.3330698
2061,5.690416336
2062,3.126576662
2063,5.562224388
2064,-3.026638985
2065,4.408496857
2066,-39.56135559
2067,2.613808632
2068,-11.61550236
2069,-0.206415087
2070,-2.898447037
2071,-36.10017395
2072,-29.17780495
2073,4.921264648
2074,-14.05115032
2075,2.357424736
2076,-5.205902576
2077,-26.1011982
2078,-16.48679733
2079,-21.48628616
2080,11.07448006
2081,-31.48526192
2082,-4.180366993
2083,33.50807953
2084,-22.89639854
2085,2.870192766
2086,18.63780785
2087,-33.27994919
2088,16.33035278
2089,4.408496857
2090,-34.56187057
2091,44.27620697
2092,-24.05012512
2093,-11.23092651
2094,-16.23041344
2095,33.25169373
2096,-18.53787041
2097,-24.05012512
2098,4.152112484
2099,-6.744206905
2100,-13.79476643
2101,-14.82030201
2102,-5.590478897
2103,-23.92193413
2104,-6.103246689
2105,-19.69159889
2106,16.20215988
2107,-19.30702209
2108,-18.7942543
2109,35.0463829
2110,-41.86881256
2111,7.228720665
2112,2.998384714
2113,-4.821326733
2114,12.48459244
2115,-7.128782749
2116,-19.69159889
2117,-5.590478897
2118,3.639344692
2119,-1.360143065
2120,-3.283022881
2121,1.203696847
2122,-33.79271698
2123,22.73995209
2124,2.485616684
2125,6.074992657
2126,-7.897934437
2127,-11.61550236
2128,-47.76564407
2129,8.76702404
2130,-2.257487059
2131,-8.410702705
2132,-20.07617378
2133,-26.35758209
2134,-11.10273457
2135,-36.35655594
2136,19.53515244
2137,1.716464758
2138,-30.07514954
2139,11.4590559
2140,12.99736023
2141,-29.81876564
2142,-13.02561474
2143,35.5591507
2144,-10.58996677
2145,-11.48731041
2146,23.50910378
2147,-5.462286949
2148,-11.23092651
2149,39.02033615
2150,-24.43470192
2151,-11.35911846
2152,-4.821326733
2153,-28.66503716
2154,26.58571053
2155,-35.97198105
2156,-21.22990227
2157,17.61227226
2158,9.664368629
2159,-33.79271698
2160,8.254256248
2161,25.81655884
2162,-30.45972443
2163,-8.667086601
2164,-17.51233482
2165,-32.8953743
2166,11.84363174
2167,-2.513870955
2168,-18.7942543
2169,-3.026638985
2170,5.690416336
2171,13.51012802
2172,-23.40916634
2173,-4.564942837
2174,-21.61447716
2175,14.79204845
2176,-5.718670845
2177,-29.17780495
2178,4.280304432
2179,-2.001102924
2180,-30.33153343
2181,-2.001102924
2182,-6.872398853
2183,-17.76871872
2184,3.25476861
2185,-39.81774139
2186,16.45854378
2187,6.459568501
2188,-9.564430237
2189,7.613296509
2190,21.8426075
2191,-33.27994919
2192,-0.9755670428
2193,26.71390343
2194,-25.20385361
2195,5.049456596
2196,-1.616526961
2197,-16.74318123
2198,-10.84635067
2199,-13.28199863
2200,-8.923470497
2201,3.895728588
2202,-19.30702209
2203,-12.89742279
2204,8.895215988
2205,-24.43470192
2206,-8.15431881
2207,16.07396889
2208,-27.38311768
2209,-12.0000782
2210,-2.257487059
2211,-24.17831802
2212,-9.308046341
2213,15.56120014
2214,-16.99956703
2215,2.613808632
2216,6.587760448
2217,20.56068802
2218,-35.84378815
2219,-12.0000782
2220,64.27415466
2221,-7.513358593
2222,-48.15021896
2223,35.8155365
2224,-21.35809326
2225,-45.58638
2226,19.79153633
2227,16.33035278
2228,-19.43521309
2229,6.459568501
2230,-33.15175629
2231,-20.46075058
2232,-34.81825256
2233,23.38091087
2234,14.66385651
2235,-23.15278244
2236,12.22820854
2237,-34.69005966
2238,-28.28046227
2239,2.10104084
2240,21.5862236
2241,-14.94849396
2242,-6.487822533
2243,-8.538894653
2244,-36.22836685
2245,-11.10273457
2246,20.04792023
2247,-35.20282745
2248,-11.74369431
2249,11.202672
2250,-18.53787041
2251,37.35383987
2252,14.27927971
2253,-10.97454262
2254,-15.7176466
2255,25.56017494
2256,-18.40967751
2257,5.049456596
2258,-12.51284599
2259,-5.718670845
2260,-10.97454262
2261,-15.20487785
2262,2.485616684
2263,-16.10222244
2264,-13.92295837
2265,-3.923982859
2266,11.84363174
2267,14.15108776
2268,-8.026126862
2269,4.921264648
2270,-11.48731041
2271,-24.05012512
2272,12.74097633
2273,-29.04961395
2274,0.5627368689
2275,-3.411214828
2276,-2.642062902
2277,-3.026638985
2278,7.741488457
2279,-6.616014481
2280,-2.898447037
2281,-14.69211006
2282,-1.10375905
2283,21.45803261
2284,-17.38414192
2285,-1.616526961
2286,2.870192766
2287,18.63780785
2288,-42.76615524
2289,64.14596558
2290,-6.616014481
2291,-12.76922989
2292,6.203184605
2293,-25.20385361
2294,-3.923982859
2295,-23.28097343
2296,-12.0000782
2297,9.792560577
2298,-34.30548477
2299,4.536688805
2300,3.126576662
2301,-4.693134785
2302,-2.77025485
2303,13.12555218
2304,-23.02458954
2305,-28.02407837
2306,26.71390343
2307,1.07550478
2308,-3.283022881
2309,0.5627368689
2310,-1.488335013
2311,1.07550478
2312,15.30481625
2313,-30.97249413
2314,-16.74318123
2315,-13.53838253
2316,-42.25338745
2317,22.35537529
2318,24.53463936
2319,8.382448196
2320,-9.692622185
2321,1.972848773
2322,-45.20180511
2323,-6.103246689
2324,6.074992657
2325,-9.949006081
2326,-8.538894653
2327,-13.53838253
2328,-15.84583855
2329,-19.69159889
2330,5.946800709
2331,7.741488457
2332,-23.15278244
2333,-12.38465405
2334,-4.180366993
2335,-2.898447037
2336,-2.77025485
2337,35.94372559
2338,10.56171227
2339,-8.410702705
2340,41.45598221
2341,-7.000590801
2342,25.68836784
2343,20.30430412
2344,-11.74369431
2345,8.510640144
2346,9.664368629
2347,-30.07514954
2348,13.25374413
2349,22.61175919
2350,17.09950447
2351,-12.64103794
2352,15.68939209
2353,2.998384714
2354,-17.25595093
2355,-7.641550541
2356,-11.74369431
2357,3.639344692
2358,-19.43521309
2359,1.460080862
2360,-12.89742279
2361,-31.22887802
2362,8.895215988
2363,12.10001659
2364,-15.46126175
2365,5.690416336
2366,7.741488457
2367,-40.84327698
2368,-16.99956703
2369,3.639344692
2370,-7.128782749
2371,-5.462286949
2372,4.152112484
2373,-21.10170937
2374,-6.487822533
2375,-5.846862793
2376,-4.436750889
2377,-14.94849396
2378,-1.360143065
2379,-21.10170937
2380,-6.872398853
2381,-16.99956703
2382,25.17560005
2383,-28.66503716
2384,-20.20436668
2385,-5.846862793
2386,15.68939209
2387,-12.38465405
2388,-9.308046341
2389,-13.02561474
2390,-16.74318123
2391,-17.38414192
2392,-0.3346070647
2393,12.22820854
2394,-25.4602375
2395,3.25476861
2396,10.04894447
2397,-24.81927681
2398,0.4345448613
2399,13.63831997
2400,-19.17882919
2401,-6.359630585
2402,21.32983971
2403,-11.87188625
2404,-0.07822309434
2405,28.2522068
2406,-13.02561474
2407,-4.052175045
2408,30.68785477
2409,-1.744719028
2410,6.844144344
2411,22.99633598
2412,-35.71559525
2413,35.0463829
2414,-8.538894653
2415,13.25374413
2416,2.998384714
2417,18.89419174
2418,-51.22682953
2419,6.331376553
2420,5.946800709
2421,-28.79323006
2422,18.63780785
2423,-19.43521309
2424,-14.69211006
2425,10.56171227
2426,-7.513358593
2427,15.1766243
2428,14.5356636
2429,-14.56391811
2430,-16.10222244
2431,4.664880753
2432,-36.10017395
2433,6.331376553
2434,-10.97454262
2435,-3.539406776
2436,-12.64103794
2437,-17.89690971
2438,21.32983971
2439,25.04740715
2440,-20.97351837
2441,10.56171227
2442,45.42993546
2443,-8.15431881
2444,12.22820854
2445,14.79204845
2446,-31.22887802
2447,17.86865616
2448,17.09950447
2449,-6.872398853
2450,-21.61447716
2451,-12.0000782
2452,-21.22990227
2453,-10.58996677
2454,-1.360143065
2455,5.049456596
2456,-9.949006081
2457,-18.15329361
2458,-12.38465405
2459,11.84363174
2460,-3.411214828
2461,-1.616526961
2462,10.43352032
2463,-35.33102036
2464,-24.81927681
2465,46.19908524
2466,-8.15431881
2467,-16.61499023
2468,38.50756836
2469,3.639344692
2470,-8.15431881
2471,39.91767883
2472,-15.46126175
2473,-5.334095001
2474,3.639344692
2475,-8.15431881
2476,13.38193607
2477,-21.87086105
2478,-11.48731041
2479,7.228720665
2480,16.33035278
2481,-10.46177483
2482,20.81707191
2483,20.04792023
2484,-18.6660614
2485,-2.898447037
2486,-25.4602375
2487,6.972336292
2488,-26.35758209
2489,-9.692622185
2490,-11.10273457
2491,-5.077710629
2492,4.023920536
2493,-7.513358593
2494,14.27927971
2495,-23.92193413
2496,12.22820854
2497,-11.23092651
2498,-10.97454262
2499,6.331376553
2500,-14.05115032
2501,-7.897934437
2502,18.12504005
2503,-14.56391811
2504,-18.02510262
2505,28.3803997
2506,-17.38414192
2507,-10.97454262
2508,-0.5909910798
2509,-45.58638
2510,-14.94849396
2511,14.27927971
2512,3.382960796
2513,-26.61396599
2514,-5.846862793
2515,-16.74318123
2516,-11.87188625
2517,21.2016468
2518,0.4345448613
2519,11.33086395
2520,-21.22990227
2521,-18.6660614
2522,14.40747166
2523,-28.28046227
2524,23.38091087
2525,1.58827281
2526,2.485616684
2527,0.5627368689
2528,-34.94644547
2529,-14.43572617
2530,-11.87188625
2531,-6.359630585
2532,-24.05012512
2533,22.48356819
2534,-31.74164581
2535,11.58724785
2536,-19.17882919
2537,-5.077710629
2538,40.43044662
2539,-32.2544136
2540,-19.30702209
2541,27.86763191
2542,-13.02561474
2543,2.485616684
2544,42.60971069
2545,13.76651192
2546,-27.25492477
2547,11.202672
2548,-21.48628616
2549,12.61278439
2550,-2.898447037
2551,19.27876854
2552,-8.538894653
2553,-22.76820564
2554,-12.12827015
2555,16.07396889
2556,-14.17934227
2557,8.254256248
2558,-18.15329361
2559,-3.795790911
2560,-8.282510757
2561,-6.487822533
2562,-17.25595093
2563,-19.17882919
2564,0.9473128319
2565,-24.94746971
2566,-3.795790911
2567,7.997872353
2568,3.895728588
2569,10.17713642
2570,17.35588837
2571,-1.744719028
2572,14.9202404
2573,33.63627243
2574,-5.846862793
2575,-34.81825256
2576,5.177648544
2577,27.73943901
2578,-7.256974697
2579,-7.641550541
2580,-9.179854393
2581,-9.692622185
2582,-9.564430237
2583,-7.128782749
2584,16.58673668
2585,-27.76769257
2586,14.79204845
2587,2.998384714
2588,-16.10222244
2589,2.10104084
2590,-2.513870955
2591,-9.564430237
2592,-12.12827015
2593,-4.436750889
2594,-5.718670845
2595,-15.46126175
2596,0.3063528836
2597,-8.795278549
2598,-0.5909910798
2599,-1.616526961
2600,-12.51284599
2601,1.203696847
2602,35.5591507
2603,-17.76871872
2604,-13.15380669
2605,10.56171227
2606,-44.17626953
2607,2.10104084
2608,2.870192766
2609,39.14852524
2610,-24.94746971
2611,42.86609268
2612,-19.94798279
2613,-46.48372269
2614,45.04535675
2615,13.76651192
2616,-15.58945465
2617,-4.308558941
2618,-1.231950998
2619,20.81707191
2620,-17.89690971
2621,-4.436750889
2622,-7.641550541
2623,-32.1262207
2624,-4.308558941
2625,27.09848022
2626,-25.20385361
2627,2.870192766
2628,1.331888795
2629,-16.74318123
2630,-1.872910976
2631,12.74097633
2632,-5.462286949
2633,-2.001102924
2634,9.664368629
2635,-33.92090988
2636,26.07294273
2637,-19.0506382
2638,-25.20385361
2639,-3.154830933
2640,16.71492767
2641,15.56120014
2642,4.152112484
2643,4.023920536
2644,-20.33255768
2645,5.946800709
2646,-16.10222244
2647,12.74097633
2648,-44.56084442
2649,5.562224388
2650,2.742000818
2651,-31.35706902
2652,13.51012802
2653,-6.872398853
2654,-17.64052582
2655,20.04792023
2656,10.56171227
2657,-4.436750889
2658,-12.51284599
2659,12.22820854
2660,-15.3330698
2661,-14.05115032
2662,19.91972733
2663,1.844656825
2664,-17.76871872
2665,8.76702404
2666,-18.02510262
2667,23.50910378
2668,41.8405571
2669,-23.66555023
2670,42.86609268
2671,-20.20436668
2672,-24.56289291
2673,1.07550478
2674,23.12452698
2675,-15.58945465
2676,-5.590478897
2677,4.280304432
2678,-24.43470192
2679,18.63780785
2680,-21.10170937
2681,-7.513358593
2682,-5.846862793
2683,0.0499688983
2684,2.485616684
2685,3.895728588
2686,-20.33255768
2687,-6.487822533
2688,0.3063528836
2689,-7.385166645
2690,-11.61550236
2691,-12.12827015
2692,-17.89690971
2693,-19.56340599
2694,-7.385166645
2695,16.71492767
2696,6.972336292
2697,0.8191208839
2698,20.94526291
2699,36.20011139
2700,-19.0506382
2701,-1.872910976
2702,14.27927971
2703,-35.33102036
2704,-5.205902576
2705,28.6367836
2706,-4.949518681
2707,-15.46126175
2708,10.17713642
2709,-12.51284599
2710,-6.744206905
2711,3.639344692
2712,-9.436238289
2713,-13.41019058
2714,8.382448196
2715,-15.46126175
2716,25.30379105
2717,22.86814308
2718,-27.89588547
2719,-7.897934437
2720,16.33035278
2721,-30.33153343
2722,1.203696847
2723,25.81655884
2724,-11.48731041
2725,-3.923982859
2726,13.51012802
2727,-11.35911846
2728,2.10104084
2729,40.43044662
2730,-20.07617378
2731,-2.77025485
2732,-2.77025485
2733,-26.74215698
2734,31.45700645
2735,-16.23041344
2736,-16.87137413
2737,19.27876854
2738,-7.897934437
2739,-6.744206905
2740,32.73892593
2741,22.86814308
2742,-33.92090988
2743,24.02187157
2744,-9.949006081
2745,-23.15278244
2746,8.638832092
2747,-11.10273457
2748,-8.538894653
2749,-33.79271698
2750,-34.17729187
2751,8.638832092
2752,2.870192766
2753,10.43352032
2754,-13.28199863
2755,-2.129294872
2756,-11.23092651
2757,-7.000590801
2758,-15.3330698
2759,-21.74267006
2760,21.7144165
2761,-12.0000782
2762,9.279792786
2763,6.587760448
2764,-49.68852234
2765,8.76702404
2766,-8.538894653
2767,-8.410702705
2768,1.331888795
2769,31.32881546
2770,-7.769742489
2771,-20.07617378
2772,30.17508698
2773,-12.76922989
2774,-2.001102924
2775,-17.25595093
2776,-21.48628616
2777,-2.898447037
2778,-25.4602375
2779,-12.2564621
2780,16.71492767
2781,-13.79476643
2782,-16.48679733
2783,7.997872353
2784,-6.487822533
2785,-24.30650902
2786,22.09899139
2787,-38.15124512
2788,-1.360143065
2789,-5.462286949
2790,-29.81876564
2791,-3.539406776
2792,4.793072701
2793,-11.48731041
2794,1.07550478
2795,7.869680405
2796,-23.66555023
2797,17.86865616
2798,-18.28148651
2799,-9.308046341
2800,26.84209442
2801,-3.923982859
2802,4.280304432
2803,25.43198395
2804,-15.58945465
2805,-35.33102036
2806,37.61022186
2807,19.15057564
2808,21.32983971
2809,-7.769742489
2810,11.4590559
2811,-41.35604477
2812,-9.820814133
2813,18.12504005
2814,16.71492767
2815,-21.61447716
2816,-28.79323006
2817,3.76753664
2818,9.279792786
2819,5.690416336
2820,5.946800709
2821,13.89470387
2822,-25.33204651
2823,-2.898447037
2824,-2.77025485
2825,-3.795790911
2826,33.25169373
2827,-2.77025485
2828,-7.000590801
2829,22.99633598
2830,-46.99649429
2831,22.99633598
2832,7.356912613
2833,-31.86983681
2834,-4.693134785
2835,13.12555218
2836,-11.61550236
2837,-15.07668591
2838,3.126576662
2839,-11.23092651
2840,-18.40967751
2841,-1.488335013
2842,-7.897934437
2843,-22.25543785
2844,15.94577599
2845,-17.64052582
2846,-6.872398853
2847,-6.487822533
2848,-1.872910976
2849,-6.872398853
2850,-32.8953743
2851,3.895728588
2852,-8.667086601
2853,-24.69108582
2854,12.35640049
2855,-2.257487059
2856,5.690416336
2857,-0.7191830873
2858,-5.590478897
2859,-6.872398853
2860,13.12555218
2861,-31.35706902
2862,-2.642062902
2863,10.94628811
2864,-23.53735733
2865,16.97131157
2866,12.99736023
2867,28.5085907
2868,-53.79066849
2869,54.01879883
2870,15.68939209
2871,-12.38465405
2872,30.43147087
2873,14.15108776
2874,3.126576662
2875,-15.97403049
2876,-8.410702705
2877,-0.4627990723
2878,-43.53530884
2879,-10.58996677
2880,20.68887901
2881,-33.15175629
2882,-4.180366993
2883,7.356912613
2884,-18.7942543
2885,-33.66452408
2886,14.40747166
2887,-14.82030201
2888,-23.02458954
2889,9.023407936
2890,-16.99956703
2891,-5.462286949
2892,13.76651192
2893,-36.22836685
2894,11.202672
2895,-21.22990227
2896,-24.05012512
2897,6.203184605
2898,11.97182465
2899,5.177648544
2900,-0.206415087
2901,-10.71815872
2902,-21.61447716
2903,-3.026638985
2904,15.56120014
2905,-22.64001465
2906,9.151600838
2907,-9.051662445
2908,-5.846862793
2909,-25.20385361
2910,18.12504005
2911,6.459568501
2912,-20.97351837
2913,6.587760448
2914,-2.385679007
2915,-15.58945465
2916,-15.7176466
2917,21.45803261
2918,6.587760448
2919,-22.25543785
2920,26.20113564
2921,-3.539406776
2922,-10.58996677
2923,-3.795790911
2924,7.485104561
2925,12.74097633
2926,-4.693134785
2927,-14.30753422
2928,47.99377441
2929,19.40695953
2930,-16.48679733
2931,31.58519936
2932,-18.02510262
2933,-15.07668591
2934,21.45803261
2935,-15.58945465
2936,-21.74267006
2937,10.30532837
2938,-11.48731041
2939,-22.89639854
2940,-18.9224453
2941,-19.0506382
2942,-12.38465405
2943,12.22820854
2944,19.27876854
2945,-25.97300529
2946,-3.283022881
2947,-33.66452408
2948,-6.103246689
2949,-9.179854393
2950,-11.23092651
2951,-6.231438637
2952,-2.385679007
2953,9.536176682
2954,14.40747166
2955,-6.487822533
2956,16.45854378
2957,3.126576662
2958,-37.89485931
2959,-0.7191830873
2960,-0.8473750353
2961,-25.5884304
2962,6.459568501
2963,27.61124802
2964,-32.2544136
2965,-29.69057274
2966,22.99633598
2967,5.690416336
2968,-17.25595093
2969,9.279792786
2970,-41.99700546
2971,12.74097633
2972,-24.81927681
2973,8.895215988
2974,6.074992657
2975,-29.69057274
2976,-11.35911846
2977,10.17713642
2978,-9.308046341
2979,-21.35809326
2980,31.45700645
2981,-33.27994919
2982,-15.7176466
2983,30.55966377
2984,-3.795790911
2985,-4.949518681
2986,-2.129294872
2987,-19.17882919
2988,-13.92295837
2989,1.972848773
2990,-20.97351837
2991,28.2522068
2992,-28.02407837
2993,-29.56238174
2994,46.45547104
2995,7.485104561
2996,-41.61243057
2997,27.22667122
2998,6.074992657
2999,-39.81774139
3000,16.58673668
3001,5.690416336
3002,-5.846862793
3003,-7.128782749
3004,-20.20436668
3005,-19.0506382
3006,-22.76820564
3007,-1.10375905
3008,19.02238464
3009,-8.923470497
3010,6.074992657
3011,-19.43521309
3012,-14.56391811
3013,-5.590478897
3014,23.25271988
3015,-11.48731041
3016,4.664880753
3017,-2.129294872
3018,-29.30599785
3019,-18.28148651
3020,0.4345448613
3021,-15.97403049
3022,-11.35911846
3023,3.895728588
3024,-37.38209152
3025,11.97182465
3026,17.86865616
3027,-17.64052582
3028,-3.411214828
3029,15.43300819
3030,-15.58945465
3031,-8.026126862
3032,-34.94644547
3033,-25.07566071
3034,0.4345448613
3035,-13.28199863
3036,4.023920536
3037,-3.026638985
3038,-17.38414192
3039,-26.87034988
3040,18.89419174
3041,-21.10170937
3042,-13.41019058
3043,2.742000818
3044,-19.30702209
3045,-2.001102924
3046,7.613296509
3047,-7.000590801
3048,-2.77025485
3049,-17.51233482
3050,15.04843235
3051,-11.74369431
3052,-4.052175045
3053,8.510640144
3054,13.12555218
3055,-38.66401291
3056,5.049456596
3057,21.45803261
3058,-36.99751663
3059,13.63831997
3060,-2.513870955
3061,13.25374413
3062,-24.94746971
3063,41.71236801
3064,-17.89690971
3065,-39.9459343
3066,11.33086395
3067,-20.58894157
3068,-18.02510262
3069,-10.46177483
3070,8.638832092
3071,5.690416336
3072,-5.975054741
3073,1.331888795
3074,17.09950447
3075,-19.94798279
3076,-19.0506382
3077,32.86711884
3078,-37.89485931
3079,-13.66657448
3080,5.177648544
3081,-1.744719028
3082,-4.693134785
3083,7.997872353
3084,-6.103246689
3085,-17.89690971
3086,4.536688805
3087,-22.51182175
3088,18.38142395
3089,-25.5884304
3090,-8.026126862
3091,-13.15380669
3092,11.7154398
3093,26.71390343
3094,-0.4627990723
3095,-13.92295837
3096,-36.86932373
3097,-6.616014481
3098,12.61278439
3099,1.460080862
3100,-18.02510262
3101,4.023920536
3102,-24.69108582
3103,-0.4627990723
3104,23.76548767
3105,-4.180366993
3106,-4.180366993
3107,-4.693134785
3108,-9.308046341
3109,-9.820814133
3110,-23.92193413
3111,32.48254395
3112,-3.283022881
3113,-11.10273457
3114,22.2271843
3115,-23.92193413
3116,-7.385166645
3117,-8.410702705
3118,-24.56289291
3119,6.715952396
3120,6.844144344
3121,8.510640144
3122,47.22462082
3123,38.37937546
3124,-16.48679733
3125,-4.180366993
3126,29.27774239
3127,-1.231950998
3128,-2.129294872
3129,-3.667598963
3130,1.716464758
3131,-14.30753422
3132,-0.8473750353
3133,4.664880753
3134,-22.76820564
3135,-47.89383698
3136,6.331376553
3137,18.12504005
3138,-5.462286949
3139,-8.667086601
3140,10.94628811
3141,-9.949006081
3142,-16.10222244
3143,32.35435104
3144,-8.667086601
3145,-8.026126862
3146,0.8191208839
3147,-18.9224453
3148,2.613808632
3149,-9.308046341
3150,3.895728588
3151,-19.69159889
3152,-13.02561474
3153,-33.15175629
3154,6.715952396
3155,1.844656825
3156,-8.282510757
3157,31.84158325
3158,-8.538894653
3159,-29.04961395
3160,10.04894447
3161,-21.99905396
3162,-4.564942837
3163,-32.2544136
3164,7.997872353
3165,4.023920536
3166,-15.84583855
3167,6.074992657
3168,-0.8473750353
3169,-23.02458954
3170,-19.43521309
3171,15.94577599
3172,-6.744206905
3173,-22.12724495
3174,22.09899139
3175,11.33086395
3176,-32.8953743
3177,31.32881546
3178,-12.12827015
3179,11.84363174
3180,21.07345581
3181,-23.66555023
3182,-9.949006081
3183,-19.81978989
3184,-2.129294872
3185,9.023407936
3186,-15.58945465
3187,5.049456596
3188,31.07243156
3189,15.94577599
3190,-20.58894157
3191,26.71390343
3192,-20.07617378
3193,-35.07463837
3194,14.66385651
3195,12.86916828
3196,-2.513870955
3197,12.22820854
3198,9.151600838
3199,-4.949518681
3200,-19.43521309
3201,-25.07566071
3202,21.8426075
3203,15.1766243
3204,-11.23092651
3205,16.71492767
3206,-4.821326733
3207,20.04792023
3208,-8.026126862
3209,-20.71713448
3210,-20.97351837
3211,1.331888795
3212,-30.20334053
3213,-5.846862793
3214,-6.487822533
3215,-28.15226936
3216,26.07294273
3217,11.07448006
3218,-13.28199863
3219,-47.76564407
3220,9.664368629
3221,4.023920536
3222,-3.026638985
3223,11.7154398
3224,2.998384714
3225,-6.744206905
3226,-17.51233482
3227,-6.744206905
3228,1.58827281
3229,-0.4627990723
3230,-11.23092651
3231,5.177648544
3232,-25.7166214
3233,-13.28199863
3234,16.45854378
3235,-19.56340599
3236,-1.488335013
3237,2.613808632
3238,-33.15175629
3239,0.6909288764
3240,2.485616684
3241,-16.87137413
3242,-13.41019058
3243,-2.001102924
3244,-7.897934437
3245,-10.33358288
3246,-15.3330698
3247,-21.35809326
3248,-1.360143065
3249,-8.282510757
3250,5.690416336
3251,29.91870308
3252,40.04587173
3253,-18.9224453
3254,-46.0991478
3255,63.37681198
3256,-20.84532547
3257,-33.66452408
3258,25.30379105
3259,-3.923982859
3260,-22.89639854
3261,9.664368629
3262,-7.641550541
3263,18.76600075
3264,-43.15073395
3265,12.35640049
3266,7.485104561
3267,-7.000590801
3268,15.04843235
3269,5.305840492
3270,8.638832092
3271,10.94628811
3272,25.94475174
3273,-38.02305222
3274,-9.949006081
3275,-7.000590801
3276,-28.28046227
3277,0.0499688983
3278,-6.231438637
3279,14.9202404
3280,-15.3330698
3281,16.84312057
3282,-22.89639854
3283,-4.821326733
3284,2.742000818
3285,-5.462286949
3286,16.33035278
3287,-5.205902576
3288,2.742000818
3289,14.66385651
3290,-29.04961395
3291,-24.30650902
3292,7.613296509
3293,-11.74369431
3294,-6.359630585
3295,10.30532837
3296,-10.71815872
3297,-26.74215698
3298,-7.256974697
3299,-3.283022881
3300,-10.07719898
3301,-9.820814133
3302,-31.10068512
3303,19.02238464
3304,-10.97454262
3305,-5.334095001
3306,12.86916828
3307,-33.15175629
3308,-7.256974697
3309,-14.17934227
3310,-15.97403049
3311,1.716464758
3312,19.91972733
3313,-23.02458954
3314,17.74046326
3315,33.63627243
3316,-9.179854393
3317,44.91716766
3318,21.9708004
3319,-17.64052582
3320,-3.154830933
3321,10.81809616
3322,-15.46126175
3323,-28.79323006
3324,-0.9755670428
3325,-9.564430237
3326,-18.9224453
3327,1.07550478
3328,10.17713642
3329,-25.97300529
3330,-32.2544136
3331,-16.61499023
3332,13.63831997
3333,-11.48731041
3334,3.126576662
3335,8.510640144
3336,-9.051662445
3337,-0.8473750353
3338,29.14955139
3339,-7.641550541
3340,-14.94849396
3341,14.27927971
3342,-1.488335013
3343,7.356912613
3344,14.79204845
3345,-6.872398853
3346,6.844144344
3347,-13.28199863
3348,-21.74267006
3349,21.9708004
3350,10.81809616
3351,-29.69057274
3352,-5.077710629
3353,11.97182465
3354,4.408496857
3355,13.25374413
3356,-5.718670845
3357,-1.616526961
3358,-24.05012512
3359,-23.02458954
3360,3.126576662
3361,-28.15226936
3362,-8.15431881
3363,11.97182465
3364,-22.25543785
3365,-10.71815872
3366,7.741488457
3367,-8.15431881
3368,2.229232788
3369,12.48459244
3370,3.25476861
3371,-33.92090988
3372,38.50756836
3373,-14.94849396
3374,-22.51182175
3375,43.63524628
3376,-11.23092651
3377,-12.38465405
3378,12.86916828
3379,-17.76871872
3380,22.99633598
3381,20.94526291
3382,-50.71406174
3383,47.73738861
3384,-22.76820564
3385,12.86916828
3386,23.12452698
3387,13.63831997
3388,-19.17882919
3389,11.7154398
3390,-14.69211006
3391,-5.462286949
3392,-32.38260651
3393,-11.35911846
3394,26.32932663
3395,4.023920536
3396,-5.590478897
3397,-10.20539093
3398,5.562224388
3399,-21.74267006
3400,5.305840492
3401,-14.17934227
3402,-20.58894157
3403,-10.20539093
3404,-16.99956703
3405,-9.692622185
3406,-7.256974697
3407,-19.30702209
3408,-6.744206905
3409,4.536688805
3410,-28.02407837
3411,2.10104084
3412,34.91819
3413,-22.38363075
3414,-2.513870955
3415,8.76702404
3416,-39.3049736
3417,-1.231950998
3418,23.63729477
3419,-17.89690971
3420,-7.385166645
3421,-13.66657448
3422,-44.04807663
3423,-0.9755670428
3424,-24.69108582
3425,9.023407936
3426,-3.667598963
3427,-17.64052582
3428,-7.128782749
3429,1.460080862
3430,20.04792023
3431,6.715952396
3432,-4.564942837
3433,-12.38465405
3434,-11.87188625
3435,-6.103246689
3436,-10.97454262
3437,-10.97454262
3438,-17.64052582
3439,15.1766243
3440,24.02187157
3441,-12.51284599
3442,33.25169373
3443,25.56017494
3444,-4.693134785
3445,8.382448196
3446,24.79102325
3447,-15.58945465
3448,-34.17729187
3449,54.53156662
3450,-30.84430122
3451,-38.92039871
3452,20.43249512
3453,-7.128782749
3454,-19.43521309
3455,3.382960796
3456,-39.56135559
3457,6.972336292
3458,-56.61089325
3459,9.279792786
3460,24.15006256
3461,-29.94695663
3462,32.61073685
3463,5.177648544
3464,-10.20539093
3465,27.22667122
3466,-28.79323006
3467,-27.38311768
3468,19.66334343
3469,-20.58894157
3470,-3.539406776
3471,13.38193607
3472,-10.33358288
3473,-8.15431881
3474,13.89470387
3475,-4.180366993
3476,20.30430412
3477,18.12504005
3478,16.07396889
3479,-11.87188625
3480,-25.97300529
3481,-14.94849396
3482,25.17560005
3483,0.5627368689
3484,3.126576662
3485,-19.17882919
3486,-24.56289291
3487,-3.539406776
3488,-19.56340599
3489,14.79204845
3490,-13.28199863
3491,-0.9755670428
3492,-12.89742279
3493,2.485616684
3494,-16.35860634
3495,15.43300819
3496,16.07396889
3497,1.716464758
3498,14.02289581
3499,-24.17831802
3500,1.460080862
3501,-17.38414192
3502,-6.487822533
3503,10.30532837
3504,3.895728588
3505,-39.68954849
3506,-10.07719898
3507,30.55966377
3508,-29.43418884
3509,9.536176682
3510,7.100528717
3511,19.15057564
3512,-10.84635067
3513,59.14647675
3514,19.40695953
3515,-10.46177483
3516,14.02289581
3517,17.86865616
3518,-12.0000782
3519,-0.206415087
3520,-3.923982859
3521,25.81655884
3522,-2.77025485
3523,-0.206415087
3524,-0.7191830873
3525,-13.79476643
3526,-21.99905396
3527,16.84312057
3528,-14.43572617
3529,-20.46075058
3530,-3.795790911
3531,-20.71713448
3532,-15.84583855
3533,0.9473128319
3534,15.94577599
3535,-16.10222244
3536,3.639344692
3537,19.27876854
3538,19.53515244
3539,16.07396889
3540,7.228720665
3541,22.99633598
3542,2.613808632
3543,-8.026126862
3544,10.81809616
3545,7.228720665
3546,-4.436750889
3547,-7.769742489
3548,1.58827281
3549,-17.51233482
3550,-23.53735733
3551,8.382448196
3552,-14.82030201
3553,27.73943901
3554,4.536688805
3555,-20.97351837
3556,8.76702404
3557,3.511152744
3558,-34.04910278
3559,-18.53787041
3560,17.35588837
3561,-4.821326733
3562,-11.23092651
3563,33.50807953
3564,5.562224388
3565,18.63780785
3566,-18.02510262
3567,22.2271843
3568,-0.4627990723
3569,-30.07514954
3570,9.151600838
3571,-24.17831802
3572,-5.590478897
3573,11.7154398
3574,-9.436238289
3575,-14.30753422
3576,-49.30394745
3577,27.35486412
3578,-10.46177483
3579,4.921264648
3580,-28.40865326
3581,9.792560577
3582,-28.66503716
3583,-11.23092651
3584,16.71492767
3585,-15.20487785
3586,29.40593529
3587,5.049456596
3588,-0.4627990723
3589,-14.69211006
3590,6.459568501
3591,-5.462286949
3592,-14.94849396
3593,3.511152744
3594,5.946800709
3595,6.587760448
3596,0.1781608909
3597,-2.001102924
3598,-14.30753422
3599,-1.10375905
3600,-7.769742489
3601,-11.74369431
3602,19.02238464
3603,-22.89639854
3604,-12.0000782
3605,5.049456596
3606,-25.33204651
3607,-4.436750889
3608,-20.58894157
3609,-3.667598963
3610,-34.30548477
3611,-6.231438637
3612,-4.564942837
3613,3.511152744
3614,-16.74318123
3615,-22.64001465
3616,-21.87086105
3617,2.485616684
3618,2.357424736
3619,7.997872353
3620,13.89470387
3621,-34.69005966
3622,-2.257487059
3623,31.32881546
3624,0.1781608909
3625,-4.180366993
3626,25.04740715
3627,-7.513358593
3628,-15.84583855
3629,5.818608761
3630,-22.89639854
3631,-10.71815872
3632,-10.84635067
3633,-2.642062902
3634,11.202672
3635,-19.0506382
3636,-7.000590801
3637,55.81348419
3638,-7.897934437
3639,-38.40762711
3640,50.94218826
3641,4.921264648
3642,-18.28148651
3643,13.38193607
3644,7.997872353
3645,-5.718670845
3646,4.921264648
3647,-15.07668591
3648,13.63831997
3649,-30.97249413
3650,10.56171227
3651,-0.3346070647
3652,-2.642062902
3653,0.3063528836
3654,19.79153633
3655,-29.30599785
3656,-14.56391811
3657,3.511152744
3658,-18.53787041
3659,8.76702404
3660,28.2522068
3661,26.58571053
3662,4.408496857
3663,37.48202896
3664,-16.10222244
3665,4.664880753
3666,19.91972733
3667,-41.74061966
3668,10.30532837
3669,15.94577599
3670,-6.103246689
3671,-8.282510757
3672,9.279792786
3673,-37.89485931
3674,2.229232788
3675,7.100528717
3676,-10.46177483
3677,-17.12775803
3678,-8.667086601
3679,-8.026126862
3680,-13.92295837
3681,-34.56187057
3682,27.35486412
3683,-33.15175629
3684,-1.360143065
3685,-17.38414192
3686,-20.84532547
3687,-4.693134785
3688,12.86916828
3689,12.74097633
3690,5.946800709
3691,37.86660767
3692,-7.769742489
3693,5.177648544
3694,17.74046326
3695,-12.38465405
3696,7.741488457
3697,-4.308558941
3698,-26.35758209
3699,-13.66657448
3700,13.89470387
3701,-0.4627990723
3702,-51.61140442
3703,62.09489441
3704,-25.07566071
3705,-44.94541931
3706,2.998384714
3707,-4.949518681
3708,-0.07822309434
3709,-27.76769257
3710,9.151600838
3711,-20.97351837
3712,-26.35758209
3713,9.023407936
3714,14.5356636
3715,-34.30548477
3716,-3.411214828
3717,15.43300819
3718,-36.35655594
3719,-8.026126862
3720,-0.206415087
3721,-21.87086105
3722,-13.02561474
3723,-11.23092651
3724,-8.410702705
