Sweeps,Channel 3
0,5.833670616
1,10.32038975
2,20.31936646
3,29.54918861
4,0.193222791
5,5.449094296
6,-6.600952625
7,18.39648628
8,17.2427578
9,13.39699841
10,16.08902931
11,-18.90738487
12,-14.54885674
13,5.961862564
14,10.44858265
15,-3.139769077
16,15.70445347
17,1.85971868
18,-8.908409119
19,2.116102695
20,-0.7041211724
21,-5.575417042
22,-4.934456825
23,-27.11167145
24,6.602822304
25,17.62733459
26,-11.85682487
27,9.55123806
28,-4.678072929
29,0.9623747468
30,-10.95948029
31,-18.01004028
32,-22.11218452
33,-3.652536869
34,11.47411823
35,-30.3164711
36,8.653894424
37,0.8341827393
38,10.1921978
39,4.038982391
40,2.244294643
41,22.62682152
42,7.371974468
43,8.782086372
44,15.70445347
45,0.5777987838
46,-5.831800938
47,20.44755745
48,9.038470268
49,1.987910748
50,0.8341827393
51,-1.216889143
52,-5.575417042
53,8.525702477
54,26.60077286
55,-8.395640373
56,-4.03711319
57,-12.88236046
58,-7.37010479
59,61.08441925
60,0.193222791
61,-33.00850296
62,-10.31852055
63,-6.985528946
64,46.34233856
65,33.90771866
66,18.14010239
67,-3.908921003
68,-11.98501682
69,19.93478966
70,33.39494705
71,-0.191353187
72,-16.9845047
73,-0.7041211724
74,16.34541321
75,-8.652024269
76,8.782086372
77,-5.190840721
78,3.5262146
79,3.013446569
80,-4.549880981
81,-12.11320877
82,9.423046112
83,14.93530178
84,8.269318581
85,13.26880646
86,2.372486591
87,10.96135044
88,22.75501442
89,-34.80319214
90,-21.98399162
91,-7.113720894
92,-2.883384943
93,41.59923553
94,-0.4477371573
95,-12.88236046
96,-31.21381569
97,-5.831800938
98,-8.011064529
99,-19.93292046
100,-10.70309639
101,21.34490204
102,7.88474226
103,-16.34354401
104,0.4496067762
105,16.47360611
106,9.294854164
107,-15.31800842
108,-14.80524063
109,8.653894424
110,14.42253399
111,-7.626488686
112,-5.575417042
113,24.80608559
114,37.6252861
115,29.54918861
116,8.397510529
117,8.397510529
118,-3.267961025
119,6.474630356
120,16.6017971
121,22.24224472
122,-0.4477371573
123,-40.18725586
124,-21.47122383
125,-13.01055241
126,-35.44415283
127,-0.5759291649
128,-7.498296738
129,-5.190840721
130,63.52006531
131,37.3689003
132,34.16410065
133,22.11405373
134,-18.01004028
135,-2.498809099
136,-12.36959267
137,-1.345081091
138,14.29434204
139,-1.729657054
140,-11.34405613
141,-13.2669363
142,-23.6504879
143,-26.72709656
144,4.295366764
145,18.52467728
146,-9.677560806
147,6.602822304
148,-5.959992886
149,-9.677560806
150,15.44806957
151,3.5262146
152,6.474630356
153,26.34438896
154,14.67891788
155,7.756550312
156,0.7059907913
157,-0.06316119432
158,43.00934982
159,29.29280472
160,-5.831800938
161,-1.857849121
162,34.93325424
163,13.6533823
164,14.80710983
165,14.93530178
166,1.475142717
167,-13.65151215
168,-29.16274261
169,12.37146187
170,6.987398624
171,13.14061451
172,4.167174339
173,-27.11167145
174,-5.959992886
175,20.19117355
176,3.910790682
177,-28.64997482
178,-13.65151215
179,-27.11167145
180,-16.47173691
181,37.11251831
182,22.37043762
183,-20.70207214
184,-10.95948029
185,-2.370617151
186,6.602822304
187,-1.857849121
188,32.75399017
189,-7.498296738
190,-12.75416851
191,12.11507797
192,-38.13618469
193,35.95878983
194,37.4970932
195,-5.831800938
196,27.11354065
197,6.731014252
198,32.36941147
199,6.21824646
200,-27.11167145
201,12.88422966
202,9.166662216
203,18.65287018
204,-11.60044098
205,-41.34098434
206,4.679942608
207,14.80710983
208,21.34490204
209,-4.03711319
210,-29.80370331
211,-8.652024269
212,33.26675797
213,16.72999001
214,0.06503079832
215,26.08800507
216,2.885254622
217,-20.18930435
218,-1.601465106
219,13.14061451
220,6.090054512
221,8.141126633
222,-1.601465106
223,-28.13720703
224,12.11507797
225,9.935813904
226,20.19117355
227,37.11251831
228,-10.06213665
229,14.80710983
230,21.34490204
231,-0.5759291649
232,12.62784576
233,19.67840576
234,-21.85580063
235,-4.03711319
236,0.193222791
237,9.423046112
238,25.83162117
239,30.5747242
240,28.26726913
241,-28.13720703
242,1.85971868
243,9.679430008
244,-12.75416851
245,5.57728672
246,11.21773434
247,-25.44517517
248,-19.29195976
249,35.18963623
250,15.57626152
251,-14.54885674
252,12.88422966
253,1.475142717
254,-13.65151215
255,-8.780216217
256,17.3709507
257,5.1927104
258,-1.345081091
259,-17.2408886
260,-26.72709656
261,51.5982132
262,37.88166809
263,-10.95948029
264,26.21619797
265,6.987398624
266,1.987910748
267,-18.01004028
268,-55.44210052
269,21.08851814
270,-5.190840721
271,-3.267961025
272,-1.216889143
273,13.78157425
274,36.34336472
275,17.3709507
276,12.88422966
277,21.34490204
278,10.5767746
279,-2.883384943
280,0.06503079832
281,-9.036601067
282,6.731014252
283,22.88320541
284,-10.57490444
285,-4.165305138
286,0.7059907913
287,5.833670616
288,-0.4477371573
289,9.679430008
290,-0.5759291649
291,5.57728672
292,-4.806264877
293,-2.370617151
294,11.34592628
295,27.11354065
296,8.653894424
297,-18.65100098
298,5.449094296
299,0.4496067762
300,23.13958931
301,21.60128593
302,4.423558712
303,16.34541321
304,-35.44415283
305,-21.59941673
306,20.83213425
307,36.98432541
308,6.21824646
309,-11.72863293
310,-27.49624825
311,10.83315849
312,27.24173355
313,6.731014252
314,14.67891788
315,12.24326992
316,-0.83231318
317,8.525702477
318,-6.472760677
319,3.141638517
320,16.9863739
321,-6.985528946
322,7.756550312
323,24.0369339
324,15.83264542
325,-20.57387924
326,-20.95845604
327,12.24326992
328,-3.139769077
329,20.83213425
330,-25.31698418
331,-34.67499924
332,55.44396973
333,-11.34405613
334,-19.80472755
335,-3.524344921
336,8.269318581
337,19.03744507
338,20.06298256
339,30.95930099
340,21.72947693
341,14.55072594
342,-4.934456825
343,7.628358364
344,1.987910748
345,3.269830704
346,15.44806957
347,3.141638517
348,-19.03557587
349,-20.06111145
350,10.06400585
351,32.36941147
352,30.83110809
353,4.295366764
354,-9.42117691
355,4.423558712
356,-1.088697195
357,-4.421689034
358,-5.959992886
359,3.782598495
360,24.93427658
361,32.75399017
362,-4.934456825
363,5.961862564
364,22.24224472
365,5.064518452
366,22.49862862
367,-8.652024269
368,-5.062648773
369,-3.139769077
370,-18.13823128
371,39.93273926
372,-10.57490444
373,-13.2669363
374,-22.88133621
375,-9.805752754
376,12.75603771
377,18.26829338
378,3.013446569
379,-23.13772011
380,3.910790682
381,0.4496067762
382,-28.39359093
383,13.52519035
384,-6.985528946
385,-11.34405613
386,-3.011577129
387,22.88320541
388,16.47360611
389,-9.805752754
390,-16.08716011
391,11.60231018
392,1.090566754
393,21.85766983
394,11.73050213
395,-18.13823128
396,-17.88184738
397,-27.88082314
398,1.85971868
399,21.72947693
400,18.65287018
401,-20.57387924
402,-3.524344921
403,14.55072594
404,11.21773434
405,20.57575035
406,37.6252861
407,0.7059907913
408,3.269830704
409,18.26829338
410,4.679942608
411,-2.498809099
412,2.628870726
413,4.423558712
414,18.39648628
415,-20.18930435
416,-11.85682487
417,-12.62597656
418,-18.01004028
419,-9.933944702
420,-0.5759291649
421,-2.883384943
422,-7.241912842
423,15.19168568
424,-2.242424965
425,-2.370617151
426,23.26778221
427,25.31885338
428,24.54970169
429,2.885254622
430,-35.18776703
431,31.34387779
432,42.49658203
433,19.55021286
434,-14.29247284
435,-3.780729055
436,-4.03711319
437,-1.986041069
438,5.064518452
439,-5.190840721
440,-28.13720703
441,-26.47071075
442,-3.267961025
443,8.91027832
444,20.96032524
445,35.31782913
446,-23.77867889
447,-14.80524063
448,-5.319032669
449,-1.473273158
450,9.935813904
451,33.90771866
452,4.55175066
453,-44.80216599
454,16.21722221
455,9.294854164
456,-21.21483994
457,15.96083832
458,-6.216376781
459,10.1921978
460,-22.75314331
461,17.2427578
462,-5.831800938
463,-1.857849121
464,17.49914169
465,-22.24037552
466,51.0854454
467,54.41843414
468,4.038982391
469,44.6758461
470,-3.780729055
471,-20.06111145
472,-16.47173691
473,-4.678072929
474,8.012934685
475,-2.883384943
476,4.423558712
477,7.371974468
478,-33.00850296
479,4.167174339
480,10.70496655
481,10.5767746
482,12.75603771
483,-19.93292046
484,-2.370617151
485,41.85562134
486,9.679430008
487,1.475142717
488,-6.72914505
489,10.96135044
490,-1.986041069
491,17.62733459
492,5.961862564
493,-13.90789604
494,1.603334665
495,-11.47224808
496,-11.85682487
497,3.5262146
498,-13.13874435
499,18.90925407
500,17.75552559
501,-11.85682487
502,-18.26642418
503,16.08902931
504,0.06503079832
505,32.36941147
506,16.6017971
507,-3.652536869
508,-0.3195451796
509,-4.03711319
510,-4.678072929
511,4.423558712
512,35.44602203
513,16.858181
514,-6.088184834
515,1.603334665
516,16.858181
517,13.78157425
518,16.34541321
519,10.5767746
520,10.5767746
521,8.141126633
522,38.39443588
523,24.42150879
524,-15.06162453
525,7.88474226
526,-23.13772011
527,-15.31800842
528,9.294854164
529,15.57626152
530,-1.986041069
531,-4.934456825
532,-1.729657054
533,-20.95845604
534,42.62477112
535,8.141126633
536,-23.13772011
537,27.11354065
538,21.98586082
539,14.16615009
540,23.39597321
541,-42.11013412
542,17.49914169
543,10.5767746
544,10.83315849
545,-27.88082314
546,-10.57490444
547,40.31731796
548,59.80249786
549,36.85613251
550,22.62682152
551,13.14061451
552,-9.549368858
553,12.24326992
554,-9.164793015
555,-5.447225094
556,19.93478966
557,5.064518452
558,6.602822304
559,6.21824646
560,-0.5759291649
561,-11.47224808
562,10.96135044
563,1.85971868
564,1.475142717
565,7.628358364
566,15.44806957
567,-10.44671249
568,-18.13823128
569,-6.472760677
570,-10.70309639
571,31.98483658
572,23.908741
573,38.26624298
574,5.833670616
575,-33.90584564
576,13.9097662
577,7.371974468
578,15.19168568
579,8.141126633
580,-17.88184738
581,-12.88236046
582,-0.5759291649
583,11.47411823
584,-8.267448425
585,14.80710983
586,-24.16325569
587,-39.80267715
588,9.935813904
589,20.83213425
590,27.88269234
591,-5.831800938
592,-15.31800842
593,-13.5233202
594,-3.267961025
595,35.06144333
596,38.39443588
597,-14.42066479
598,-18.77919197
599,-15.83077621
600,12.62784576
601,14.80710983
602,-18.26642418
603,-26.47071075
604,-0.5759291649
605,60.95622635
606,-3.139769077
607,-57.3649826
608,-0.7041211724
609,-9.805752754
610,15.57626152
611,34.29229355
612,26.34438896
613,11.21773434
614,24.93427658
615,5.320902348
616,24.16512489
617,2.116102695
618,-23.77867889
619,-1.986041069
620,-24.29144859
621,-32.75212097
622,0.5777987838
623,10.06400585
624,-11.34405613
625,-3.652536869
626,-12.88236046
627,-12.11320877
628,15.57626152
629,21.60128593
630,19.93478966
631,10.96135044
632,16.34541321
633,21.72947693
634,14.67891788
635,-21.98399162
636,-20.44568825
637,26.21619797
638,5.1927104
639,-3.011577129
640,-4.421689034
641,-41.46917343
642,6.346438408
643,-23.77867889
644,38.65082169
645,3.141638517
646,0.4496067762
647,-13.65151215
648,-29.54731941
649,32.36941147
650,41.85562134
651,40.83008575
652,-9.292984962
653,-9.805752754
654,-21.47122383
655,-39.54629517
656,10.44858265
657,5.449094296
658,-57.2367897
659,3.910790682
660,9.038470268
661,-6.472760677
662,14.42253399
663,3.141638517
664,13.78157425
665,-11.47224808
666,2.500678539
667,37.88166809
668,-0.4477371573
669,4.167174339
670,-21.08664703
671,45.44499588
672,28.78003693
673,-23.6504879
674,13.14061451
675,-10.31852055
676,22.24224472
677,36.34336472
678,15.70445347
679,-24.80421638
680,-17.75365639
681,-3.908921003
682,-1.729657054
683,-26.08613586
684,-0.191353187
685,4.038982391
686,-5.062648773
687,17.3709507
688,3.141638517
689,27.88269234
690,29.67738152
691,-10.83128834
692,-15.70258427
693,-26.34251976
694,-0.06316119432
695,3.141638517
696,2.372486591
697,18.39648628
698,-29.93189621
699,1.85971868
700,-7.882872581
701,-25.18879128
702,-3.011577129
703,0.9623747468
704,13.39699841
705,1.603334665
706,-18.90738487
707,-5.447225094
708,-13.90789604
709,1.603334665
710,8.653894424
711,-1.986041069
712,-20.18930435
713,-9.292984962
714,23.13958931
715,4.167174339
716,17.49914169
717,-10.83128834
718,-14.03608799
719,-8.267448425
720,2.885254622
721,24.67789268
722,-1.986041069
723,0.8341827393
724,-1.473273158
725,6.8592062
726,-15.57439232
727,22.75501442
728,-2.498809099
729,9.935813904
730,21.47309303
731,-16.9845047
732,-6.344568729
733,-10.95948029
734,10.1921978
735,-15.57439232
736,-12.49778461
737,12.75603771
738,-26.34251976
739,59.54611588
740,-6.088184834
741,-43.6484375
742,45.82957077
743,-35.18776703
744,-29.54731941
745,4.808134556
746,-9.933944702
747,-14.42066479
748,16.9863739
749,-5.70360899
750,-3.652536869
751,21.85766983
752,37.88166809
753,29.54918861
754,13.26880646
755,-17.2408886
756,-16.08716011
757,-21.34303284
758,21.21670914
759,16.72999001
760,3.654406548
761,1.603334665
762,-19.54834366
763,1.346950769
764,25.06246948
765,28.13907623
766,11.98688602
767,2.116102695
768,-24.29144859
769,-5.447225094
770,26.98534966
771,29.03642082
772,-20.06111145
773,-3.396152973
774,16.6017971
775,-7.754680634
776,8.012934685
777,-20.44568825
778,2.244294643
779,-4.293497086
780,-18.90738487
781,-8.395640373
782,-13.39512825
783,10.70496655
784,11.34592628
785,-5.319032669
786,9.935813904
787,20.70394135
788,15.44806957
789,-19.67653656
790,-1.601465106
791,-25.06060028
792,-15.83077621
793,11.60231018
794,-12.75416851
795,-10.83128834
796,-22.88133621
797,-7.241912842
798,13.39699841
799,8.782086372
800,33.13856506
801,16.08902931
802,1.603334665
803,-1.601465106
804,-21.72760773
805,-7.626488686
806,6.987398624
807,6.987398624
808,-8.652024269
809,-5.062648773
810,35.57421112
811,1.218758702
812,-33.39307785
813,3.398022652
814,5.1927104
815,40.31731796
816,53.64928436
817,19.42202187
818,27.88269234
819,39.67635727
820,-7.754680634
821,-23.13772011
822,-43.13566971
823,-17.2408886
824,1.346950769
825,-9.805752754
826,-14.80524063
827,11.60231018
828,3.269830704
829,-21.08664703
830,7.756550312
831,13.6533823
832,1.346950769
833,19.80659676
834,11.60231018
835,-17.11269569
836,-7.37010479
837,11.60231018
838,8.782086372
839,17.75552559
840,-22.24037552
841,-19.03557587
842,20.19117355
843,-16.8563118
844,-16.21535301
845,-19.16376877
846,-21.72760773
847,1.731526732
848,-6.985528946
849,8.525702477
850,-11.08767223
851,15.70445347
852,-4.806264877
853,17.49914169
854,54.80301285
855,40.83008575
856,-9.805752754
857,-17.2408886
858,2.116102695
859,-13.13874435
860,-21.59941673
861,15.31987762
862,21.60128593
863,-46.08408737
864,-0.83231318
865,-9.036601067
866,-28.77816772
867,24.16512489
868,-3.267961025
869,3.013446569
870,-29.41912842
871,-14.80524063
872,4.679942608
873,11.60231018
874,23.13958931
875,-2.114233017
876,43.26573181
877,25.57523727
878,-21.47122383
879,30.4465332
880,-4.934456825
881,35.70240402
882,31.34387779
883,-3.011577129
884,-37.2388382
885,27.24173355
886,21.47309303
887,0.193222791
888,-0.7041211724
889,24.67789268
890,-1.857849121
891,4.038982391
892,-14.93343258
893,-13.5233202
894,5.320902348
895,2.500678539
896,11.47411823
897,-12.49778461
898,8.525702477
899,9.679430008
900,6.090054512
901,5.961862564
902,9.294854164
903,-12.62597656
904,4.55175066
905,-3.524344921
906,-29.03455162
907,4.167174339
908,6.474630356
909,10.06400585
910,26.47258186
911,6.474630356
912,-22.11218452
913,-15.31800842
914,8.525702477
915,34.29229355
916,43.6503067
917,-23.2659111
918,-29.93189621
919,11.85869408
920,-5.319032669
921,47.36787796
922,35.06144333
923,12.24326992
924,-3.267961025
925,-1.986041069
926,19.03744507
927,8.141126633
928,19.42202187
929,24.80608559
930,3.782598495
931,-19.42015266
932,19.03744507
933,-1.729657054
934,-10.83128834
935,7.628358364
936,-23.77867889
937,0.3214147687
938,4.295366764
939,10.70496655
940,-0.7041211724
941,-14.16427994
942,17.3709507
943,-21.34303284
944,49.16256332
945,3.141638517
946,-33.90584564
947,47.36787796
948,-14.93343258
949,2.116102695
950,12.75603771
951,-21.47122383
952,-10.57490444
953,16.858181
954,8.141126633
955,32.49760437
956,12.62784576
957,-4.806264877
958,10.83315849
959,3.782598495
960,-16.7281208
961,4.038982391
962,15.19168568
963,3.910790682
964,18.52467728
965,-3.139769077
966,-5.831800938
967,-4.165305138
968,2.244294643
969,15.31987762
970,9.55123806
971,-2.883384943
972,-6.72914505
973,-8.523832321
974,3.654406548
975,12.24326992
976,9.294854164
977,-27.11167145
978,3.141638517
979,13.52519035
980,-22.11218452
981,-2.114233017
982,11.47411823
983,15.70445347
984,15.96083832
985,4.038982391
986,-18.65100098
987,-16.9845047
988,6.987398624
989,10.96135044
990,-23.13772011
991,-17.62546349
992,-12.11320877
993,6.602822304
994,6.987398624
995,6.474630356
996,-37.3670311
997,-14.80524063
998,32.75399017
999,-12.88236046
1000,-12.11320877
1001,2.116102695
1002,21.34490204
1003,2.500678539
1004,-16.5999279
1005,20.19117355
1006,21.08851814
1007,1.987910748
1008,11.34592628
1009,22.11405373
1010,11.60231018
1011,-10.44671249
1012,-9.164793015
1013,-12.11320877
1014,-14.29247284
1015,29.03642082
1016,5.320902348
1017,-36.98245621
1018,8.141126633
1019,-0.3195451796
1020,43.39392471
1021,55.70035553
1022,29.29280472
1023,35.31782913
1024,-8.908409119
1025,-38.00799179
1026,1.218758702
1027,-14.29247284
1028,-3.011577129
1029,-10.31852055
1030,-25.18879128
1031,-14.42066479
1032,-2.755192995
1033,-21.21483994
1034,-0.4477371573
1035,9.55123806
1036,8.91027832
1037,14.67891788
1038,27.88269234
1039,11.85869408
1040,4.936326504
1041,3.398022652
1042,28.65184593
1043,15.57626152
1044,-11.98501682
1045,-11.34405613
1046,12.11507797
1047,30.83110809
1048,-29.29093552
1049,-6.216376781
1050,-0.5759291649
1051,3.910790682
1052,28.13907623
1053,-7.113720894
1054,-16.5999279
1055,12.49965382
1056,48.52160263
1057,22.75501442
1058,-14.29247284
1059,-17.75365639
1060,11.98688602
1061,5.57728672
1062,-1.729657054
1063,-11.34405613
1064,-34.80319214
1065,-38.77714157
1066,24.29331779
1067,-1.729657054
1068,-39.28990936
1069,1.475142717
1070,-9.42117691
1071,-23.13772011
1072,5.064518452
1073,5.064518452
1074,-5.062648773
1075,-2.114233017
1076,10.96135044
1077,4.936326504
1078,2.244294643
1079,2.244294643
1080,9.423046112
1081,39.67635727
1082,4.808134556
1083,3.398022652
1084,21.85766983
1085,3.5262146
1086,-6.216376781
1087,13.9097662
1088,-0.06316119432
1089,-12.36959267
1090,-2.627001047
1091,4.295366764
1092,-38.64895248
1093,-42.49470901
1094,18.26829338
1095,26.85715675
1096,47.62425995
1097,36.08697891
1098,-8.652024269
1099,4.038982391
1100,3.910790682
1101,13.14061451
1102,21.47309303
1103,29.29280472
1104,11.73050213
1105,-15.06162453
1106,-18.26642418
1107,-16.8563118
1108,-28.13720703
1109,3.013446569
1110,17.49914169
1111,-27.75263214
1112,-10.95948029
1113,18.01190948
1114,5.449094296
1115,11.73050213
1116,-23.2659111
1117,-4.165305138
1118,16.9863739
1119,25.57523727
1120,34.67686844
1121,1.218758702
1122,-39.54629517
1123,-16.34354401
1124,24.29331779
1125,7.115590572
1126,25.06246948
1127,1.218758702
1128,-16.47173691
1129,-7.498296738
1130,21.34490204
1131,10.44858265
1132,-18.01004028
1133,2.244294643
1134,1.603334665
1135,27.11354065
1136,-4.934456825
1137,19.03744507
1138,-8.267448425
1139,-20.18930435
1140,9.935813904
1141,-15.83077621
1142,6.21824646
1143,-2.498809099
1144,10.70496655
1145,-6.216376781
1146,3.910790682
1147,19.67840576
1148,-15.95896816
1149,56.21312332
1150,-7.882872581
1151,-55.18571854
1152,30.7029171
1153,16.72999001
1154,24.93427658
1155,14.16615009
1156,3.269830704
1157,-7.626488686
1158,-9.677560806
1159,-1.601465106
1160,-7.113720894
1161,-16.47173691
1162,-7.241912842
1163,20.31936646
1164,11.60231018
1165,-0.191353187
1166,-9.933944702
1167,-4.421689034
1168,-8.652024269
1169,0.3214147687
1170,10.32038975
1171,32.24122238
1172,18.39648628
1173,10.06400585
1174,0.4496067762
1175,-0.06316119432
1176,-0.3195451796
1177,8.91027832
1178,-8.908409119
1179,-15.31800842
1180,14.67891788
1181,12.49965382
1182,9.166662216
1183,-2.883384943
1184,-2.370617151
1185,-25.82975197
1186,-15.57439232
1187,8.397510529
1188,21.47309303
1189,14.93530178
1190,8.397510529
1191,-4.549880981
1192,-11.47224808
1193,-28.77816772
1194,21.98586082
1195,11.34592628
1196,13.14061451
1197,-1.986041069
1198,18.26829338
1199,13.78157425
1200,7.756550312
1201,37.75347519
1202,23.78055
1203,21.98586082
1204,-16.7281208
1205,-5.959992886
1206,-12.49778461
1207,5.449094296
1208,29.93376541
1209,3.910790682
1210,29.16461372
1211,7.88474226
1212,4.808134556
1213,-10.31852055
1214,-6.985528946
1215,11.98688602
1216,-37.11064529
1217,1.731526732
1218,13.26880646
1219,-9.42117691
1220,49.03437042
1221,-15.95896816
1222,-53.00645447
1223,-31.47019958
1224,-13.01055241
1225,55.05939484
1226,54.67481995
1227,27.62630844
1228,14.67891788
1229,-7.626488686
1230,-3.908921003
1231,19.29382896
1232,6.474630356
1233,-11.72863293
1234,-4.934456825
1235,-14.03608799
1236,-28.39359093
1237,16.858181
1238,-16.8563118
1239,-27.62443924
1240,-5.190840721
1241,-8.139256477
1242,-9.164793015
1243,-8.523832321
1244,16.08902931
1245,5.833670616
1246,13.14061451
1247,31.0874939
1248,18.78106117
1249,-6.985528946
1250,5.57728672
1251,17.1145649
1252,25.57523727
1253,-16.5999279
1254,7.24378252
1255,17.62733459
1256,1.475142717
1257,13.39699841
1258,2.500678539
1259,-23.2659111
1260,0.7059907913
1261,25.06246948
1262,30.4465332
1263,-12.49778461
1264,3.782598495
1265,-3.267961025
1266,-2.242424965
1267,-13.65151215
1268,17.75552559
1269,2.500678539
1270,-32.88031006
1271,17.3709507
1272,-26.21432686
1273,-37.495224
1274,6.090054512
1275,14.42253399
1276,4.038982391
1277,-1.601465106
1278,2.885254622
1279,9.423046112
1280,-0.06316119432
1281,-4.293497086
1282,9.423046112
1283,26.47258186
1284,-13.01055241
1285,-9.164793015
1286,24.29331779
1287,2.372486591
1288,-9.42117691
1289,-34.29042435
1290,-33.64946365
1291,19.93478966
1292,28.65184593
1293,35.95878983
1294,29.54918861
1295,-26.59890366
1296,-13.01055241
1297,-8.395640373
1298,-8.395640373
1299,27.62630844
1300,-10.1903286
1301,6.474630356
1302,-12.62597656
1303,-21.98399162
1304,5.449094296
1305,3.654406548
1306,1.090566754
1307,-24.41963959
1308,8.782086372
1309,11.60231018
1310,-11.47224808
1311,9.935813904
1312,-9.292984962
1313,-6.344568729
1314,-0.9605051279
1315,32.11302948
1316,10.5767746
1317,3.5262146
1318,-4.03711319
1319,5.064518452
1320,21.60128593
1321,-32.88031006
1322,19.29382896
1323,5.1927104
1324,9.294854164
1325,14.29434204
1326,-0.06316119432
1327,-18.65100098
1328,-3.524344921
1329,25.31885338
1330,37.11251831
1331,4.808134556
1332,19.93478966
1333,19.55021286
1334,-15.44620037
1335,9.935813904
1336,7.24378252
1337,-9.164793015
1338,-31.98296738
1339,16.9863739
1340,-4.678072929
1341,-32.88031006
1342,13.6533823
1343,0.9623747468
1344,-31.34200668
1345,-9.42117691
1346,12.62784576
1347,-11.34405613
1348,9.423046112
1349,-3.652536869
1350,-13.90789604
1351,-7.882872581
1352,2.885254622
1353,-7.754680634
1354,37.6252861
1355,11.34592628
1356,-36.5978775
1357,24.42150879
1358,14.55072594
1359,40.18912506
1360,8.397510529
1361,-27.88082314
1362,-29.41912842
1363,-0.9605051279
1364,31.21568489
1365,17.88371849
1366,-25.06060028
1367,-5.447225094
1368,-7.754680634
1369,21.08851814
1370,25.95981407
1371,18.90925407
1372,30.83110809
1373,-1.729657054
1374,7.115590572
1375,4.936326504
1376,27.24173355
1377,25.83162117
1378,-2.370617151
1379,2.372486591
1380,-14.93343258
1381,-23.6504879
1382,5.449094296
1383,9.294854164
1384,-3.524344921
1385,-0.9605051279
1386,24.16512489
1387,13.14061451
1388,13.26880646
1389,-6.985528946
1390,-5.319032669
1391,-4.549880981
1392,13.6533823
1393,21.34490204
1394,-7.37010479
1395,-29.41912842
1396,-2.627001047
1397,20.70394135
1398,9.679430008
1399,-0.3195451796
1400,6.987398624
1401,-14.16427994
1402,24.16512489
1403,50.05990982
1404,25.57523727
1405,-7.113720894
1406,-15.06162453
1407,4.936326504
1408,11.98688602
1409,8.91027832
1410,8.397510529
1411,-16.9845047
1412,-20.18930435
1413,12.75603771
1414,4.167174339
1415,-4.03711319
1416,9.038470268
1417,-9.42117691
1418,-20.06111145
1419,7.115590572
1420,30.83110809
1421,-13.01055241
1422,54.29024506
1423,-16.47173691
1424,-60.31339645
1425,61.72537994
1426,31.60026169
1427,-6.985528946
1428,-28.26539993
1429,-9.164793015
1430,15.83264542
1431,2.885254622
1432,18.01190948
1433,3.141638517
1434,-47.36600494
1435,3.013446569
1436,26.08800507
1437,42.24019623
1438,13.01242161
1439,-18.77919197
1440,-13.5233202
1441,-19.29195976
1442,7.115590572
1443,16.6017971
1444,17.62733459
1445,13.52519035
1446,9.166662216
1447,-0.9605051279
1448,-4.421689034
1449,-12.88236046
1450,14.16615009
1451,-2.627001047
1452,-24.54783249
1453,-6.472760677
1454,2.244294643
1455,15.19168568
1456,15.57626152
1457,-1.216889143
1458,-24.54783249
1459,10.32038975
1460,25.57523727
1461,27.75450134
1462,-0.4477371573
1463,-34.03403854
1464,0.5777987838
1465,13.39699841
1466,11.85869408
1467,22.88320541
1468,-7.882872581
1469,-9.164793015
1470,5.57728672
1471,30.19014931
1472,10.44858265
1473,-1.986041069
1474,20.57575035
1475,30.83110809
1476,28.13907623
1477,13.6533823
1478,-0.191353187
1479,-3.267961025
1480,12.75603771
1481,34.67686844
1482,4.55175066
1483,3.5262146
1484,-2.883384943
1485,-15.06162453
1486,6.731014252
1487,23.78055
1488,3.141638517
1489,-26.59890366
1490,-10.95948029
1491,-11.08767223
1492,-9.677560806
1493,48.77798843
1494,-20.95845604
1495,-45.95589447
1496,-3.524344921
1497,20.31936646
1498,29.67738152
1499,1.603334665
1500,-14.42066479
1501,12.62784576
1502,8.525702477
1503,29.54918861
1504,12.62784576
1505,-36.5978775
1506,-13.65151215
1507,10.06400585
1508,23.13958931
1509,0.7059907913
1510,19.67840576
1511,-20.18930435
1512,-32.75212097
1513,-2.883384943
1514,-5.831800938
1515,18.26829338
1516,9.166662216
1517,2.244294643
1518,-12.88236046
1519,-2.370617151
1520,16.21722221
1521,18.90925407
1522,13.6533823
1523,-0.5759291649
1524,7.115590572
1525,15.83264542
1526,-4.678072929
1527,-4.293497086
1528,2.885254622
1529,-18.52280807
1530,1.090566754
1531,12.24326992
1532,2.372486591
1533,-4.421689034
1534,0.193222791
1535,-11.98501682
1536,-43.13566971
1537,-1.986041069
1538,30.3183403
1539,9.038470268
1540,-21.59941673
1541,-3.267961025
1542,-16.7281208
1543,-25.82975197
1544,18.78106117
1545,-13.39512825
1546,-12.88236046
1547,-2.627001047
1548,-7.113720894
1549,5.705478668
1550,6.474630356
1551,19.93478966
1552,14.80710983
1553,0.8341827393
1554,-4.549880981
1555,15.19168568
1556,31.0874939
1557,-21.85580063
1558,-24.29144859
1559,-9.933944702
1560,6.987398624
1561,19.80659676
1562,-19.54834366
1563,-42.11013412
1564,12.88422966
1565,2.885254622
1566,39.80455017
1567,47.11149216
1568,-3.011577129
1569,3.013446569
1570,-9.805752754
1571,-10.31852055
1572,-6.344568729
1573,-12.24140072
1574,1.603334665
1575,7.500166416
1576,16.6017971
1577,5.705478668
1578,22.88320541
1579,-5.831800938
1580,-27.36805534
1581,-3.780729055
1582,1.731526732
1583,19.03744507
1584,17.62733459
1585,0.4496067762
1586,-17.75365639
1587,-4.293497086
1588,20.44755745
1589,22.49862862
1590,32.36941147
1591,-7.626488686
1592,-3.011577129
1593,9.807621956
1594,-16.21535301
1595,26.60077286
1596,15.96083832
1597,-7.113720894
1598,1.475142717
1599,-21.08664703
1600,-25.95794296
1601,16.08902931
1602,42.49658203
1603,44.2912674
1604,-18.39461708
1605,-14.03608799
1606,10.1921978
1607,2.372486591
1608,7.115590572
1609,-8.139256477
1610,-19.93292046
1611,-28.26539993
1612,25.83162117
1613,2.757062674
1614,-33.39307785
1615,1.090566754
1616,-8.011064529
1617,-19.54834366
1618,-6.344568729
1619,7.115590572
1620,-13.5233202
1621,-8.011064529
1622,-0.3195451796
1623,-1.601465106
1624,9.294854164
1625,27.62630844
1626,-14.80524063
1627,34.16410065
1628,5.705478668
1629,-14.16427994
1630,-5.959992886
1631,-8.780216217
1632,56.85408401
1633,1.85971868
1634,-3.780729055
1635,12.11507797
1636,-32.88031006
1637,18.52467728
1638,19.03744507
1639,5.064518452
1640,23.01139832
1641,-23.00952721
1642,3.654406548
1643,-13.90789604
1644,-17.88184738
1645,-6.985528946
1646,-0.191353187
1647,13.78157425
1648,-24.41963959
1649,3.013446569
1650,-3.780729055
1651,-3.780729055
1652,7.24378252
1653,-3.524344921
1654,-13.39512825
1655,-8.780216217
1656,13.14061451
1657,-11.85682487
1658,1.603334665
1659,-12.11320877
1660,15.70445347
1661,51.72640228
1662,10.1921978
1663,2.116102695
1664,-13.39512825
1665,-8.267448425
1666,24.29331779
1667,11.85869408
1668,6.987398624
1669,33.13856506
1670,21.60128593
1671,16.08902931
1672,-9.933944702
1673,10.32038975
1674,10.96135044
1675,-5.062648773
1676,32.24122238
1677,21.21670914
1678,17.75552559
1679,-22.36856842
1680,-10.95948029
1681,-13.39512825
1682,-20.95845604
1683,24.93427658
1684,1.218758702
1685,-37.75160599
1686,7.756550312
1687,3.910790682
1688,2.116102695
1689,-2.498809099
1690,-7.37010479
1691,-2.498809099
1692,-4.934456825
1693,23.39597321
1694,-18.77919197
1695,22.75501442
1696,45.70138168
1697,-13.90789604
1698,48.52160263
1699,11.08954239
1700,18.14010239
1701,-28.77816772
1702,-36.85426331
1703,-5.575417042
1704,-18.39461708
1705,16.9863739
1706,-11.08767223
1707,-28.64997482
1708,6.602822304
1709,-2.627001047
1710,10.06400585
1711,1.603334665
1712,2.372486591
1713,26.47258186
1714,26.85715675
1715,-6.216376781
1716,-25.44517517
1717,-8.523832321
1718,3.910790682
1719,-19.67653656
1720,-0.7041211724
1721,13.9097662
1722,2.372486591
1723,8.012934685
1724,-18.65100098
1725,-24.80421638
1726,11.08954239
1727,-25.70155907
1728,11.98688602
1729,8.782086372
1730,-19.54834366
1731,-7.498296738
1732,11.73050213
1733,-14.03608799
1734,8.269318581
1735,2.500678539
1736,-16.5999279
1737,6.8592062
1738,13.39699841
1739,24.54970169
1740,13.6533823
1741,12.88422966
1742,1.987910748
1743,-14.42066479
1744,16.08902931
1745,18.01190948
1746,13.52519035
1747,25.31885338
1748,-4.678072929
1749,-13.39512825
1750,-15.44620037
1751,17.1145649
1752,-0.7041211724
1753,-28.39359093
1754,-0.191353187
1755,-4.165305138
1756,-14.93343258
1757,-8.267448425
1758,-10.83128834
1759,-15.95896816
1760,10.70496655
1761,18.52467728
1762,-29.29093552
1763,45.95776367
1764,-38.00799179
1765,-16.34354401
1766,41.34285355
1767,-0.5759291649
1768,-13.01055241
1769,-27.49624825
1770,-32.88031006
1771,-0.191353187
1772,22.88320541
1773,26.34438896
1774,7.756550312
1775,-10.70309639
1776,8.525702477
1777,9.55123806
1778,5.961862564
1779,0.8341827393
1780,14.55072594
1781,30.4465332
1782,24.67789268
1783,-5.575417042
1784,-7.882872581
1785,14.80710983
1786,18.26829338
1787,23.908741
1788,13.14061451
1789,19.93478966
1790,-4.549880981
1791,-7.37010479
1792,-27.11167145
1793,-29.80370331
1794,18.39648628
1795,9.423046112
1796,-13.2669363
1797,-14.80524063
1798,-10.95948029
1799,-0.83231318
1800,11.73050213
1801,-1.216889143
1802,-6.344568729
1803,-4.165305138
1804,-15.57439232
1805,15.06349373
1806,19.80659676
1807,3.5262146
1808,11.47411823
1809,-8.011064529
1810,-13.90789604
1811,-5.959992886
1812,16.72999001
1813,33.77952576
1814,2.757062674
1815,10.32038975
1816,27.36992455
1817,21.72947693
1818,6.602822304
1819,9.935813904
1820,7.756550312
1821,-3.908921003
1822,2.885254622
1823,-7.882872581
1824,-7.626488686
1825,2.628870726
1826,-0.83231318
1827,-19.80472755
1828,3.013446569
1829,14.42253399
1830,-31.98296738
1831,31.60026169
1832,-5.319032669
1833,-63.51819611
1834,40.83008575
1835,-30.82923889
1836,-9.292984962
1837,1.85971868
1838,-10.83128834
1839,5.064518452
1840,20.57575035
1841,-4.549880981
1842,-15.31800842
1843,7.500166416
1844,29.16461372
1845,35.44602203
1846,1.346950769
1847,-19.93292046
1848,-1.729657054
1849,-6.088184834
1850,6.090054512
1851,0.06503079832
1852,-10.83128834
1853,12.49965382
1854,-5.831800938
1855,0.7059907913
1856,11.60231018
1857,12.37146187
1858,3.5262146
1859,-4.549880981
1860,-21.08664703
1861,-19.54834366
1862,10.32038975
1863,-5.959992886
1864,-14.54885674
1865,-13.77970409
1866,-11.60044098
1867,-23.394104
1868,9.294854164
1869,-0.4477371573
1870,40.44550705
1871,26.21619797
1872,-20.18930435
1873,-0.191353187
1874,-10.95948029
1875,-17.75365639
1876,5.705478668
1877,-0.4477371573
1878,-17.2408886
1879,6.731014252
1880,-8.523832321
1881,-13.77970409
1882,-15.44620037
1883,-19.67653656
1884,0.06503079832
1885,25.31885338
1886,15.83264542
1887,5.064518452
1888,-5.831800938
1889,0.06503079832
1890,18.78106117
1891,-4.549880981
1892,41.59923553
1893,16.72999001
1894,-20.06111145
1895,-12.49778461
1896,-18.39461708
1897,12.88422966
1898,-15.70258427
1899,-5.062648773
1900,-15.57439232
1901,-12.11320877
1902,65.95571136
1903,-6.72914505
1904,-54.67295074
1905,3.013446569
1906,11.85869408
1907,36.21517181
1908,31.72845268
1909,5.320902348
1910,6.8592062
1911,3.269830704
1912,12.62784576
1913,11.21773434
1914,-6.344568729
1915,-18.90738487
1916,-17.36907959
1917,-20.57387924
1918,-30.0600872
1919,-0.191353187
1920,0.5777987838
1921,-11.47224808
1922,10.32038975
1923,-4.934456825
1924,2.500678539
1925,-4.165305138
1926,30.95930099
1927,-6.857336998
1928,2.244294643
1929,22.11405373
1930,26.08800507
1931,18.01190948
1932,-19.42015266
1933,-24.41963959
1934,26.34438896
1935,-3.267961025
1936,10.5767746
1937,-7.113720894
1938,-8.267448425
1939,-8.139256477
1940,-24.93240738
1941,-4.293497086
1942,-11.60044098
1943,5.449094296
1944,0.7059907913
1945,-12.24140072
1946,-16.8563118
1947,6.987398624
1948,-6.344568729
1949,-13.01055241
1950,-2.755192995
1951,-2.242424965
1952,-37.495224
1953,14.29434204
1954,2.757062674
1955,1.85971868
1956,15.96083832
1957,23.39597321
1958,-7.37010479
1959,-12.62597656
1960,-15.44620037
1961,11.47411823
1962,-1.473273158
1963,9.679430008
1964,15.57626152
1965,-1.216889143
1966,-7.241912842
1967,-35.18776703
1968,-13.39512825
1969,-4.293497086
1970,40.44550705
1971,14.55072594
1972,-34.93138504
1973,21.85766983
1974,24.29331779
1975,39.16358948
1976,44.03488541
1977,18.39648628
1978,10.06400585
1979,19.03744507
1980,10.70496655
1981,20.96032524
1982,13.9097662
1983,-14.80524063
1984,-25.70155907
1985,-41.46917343
1986,-34.16223145
1987,17.88371849
1988,23.908741
1989,9.294854164
1990,-10.06213665
1991,-34.67499924
1992,-16.08716011
1993,4.936326504
1994,27.62630844
1995,15.83264542
1996,17.49914169
1997,11.21773434
1998,12.75603771
1999,5.57728672
2000,-47.87877274
2001,3.782598495
2002,39.03539658
2003,19.29382896
2004,11.08954239
2005,-26.47071075
2006,-22.36856842
2007,5.320902348
2008,21.34490204
2009,27.36992455
2010,-11.72863293
2011,-18.52280807
2012,-15.95896816
2013,-15.44620037
2014,23.01139832
2015,33.01037216
2016,8.91027832
2017,-27.49624825
2018,-20.18930435
2019,-25.70155907
2020,-26.72709656
2021,25.83162117
2022,5.833670616
2023,-35.70053482
2024,0.8341827393
2025,-3.652536869
2026,-19.03557587
2027,24.80608559
2028,28.26726913
2029,26.47258186
2030,-19.03557587
2031,13.78157425
2032,10.5767746
2033,-10.95948029
2034,15.44806957
2035,-19.16376877
2036,52.75193787
2037,28.39546204
2038,-8.652024269
2039,22.11405373
2040,10.5767746
2041,38.77901077
2042,25.57523727
2043,1.475142717
2044,7.628358364
2045,3.654406548
2046,25.70343018
2047,-3.139769077
2048,-37.495224
2049,-1.857849121
2050,-0.4477371573
2051,-15.95896816
2052,2.244294643
2053,-13.01055241
2054,30.06195641
2055,44.2912674
2056,-14.42066479
2057,-21.21483994
2058,-21.21483994
2059,22.37043762
2060,14.03795815
2061,4.295366764
2062,-2.883384943
2063,-22.62495232
2064,8.91027832
2065,7.756550312
2066,-7.241912842
2067,-7.882872581
2068,-10.44671249
2069,10.06400585
2070,9.294854164
2071,-28.26539993
2072,2.244294643
2073,16.47360611
2074,-4.549880981
2075,9.935813904
2076,9.679430008
2077,-20.83026314
2078,-13.39512825
2079,15.96083832
2080,7.371974468
2081,18.90925407
2082,17.2427578
2083,19.80659676
2084,-25.31698418
2085,4.679942608
2086,28.13907623
2087,-1.345081091
2088,-2.755192995
2089,10.5767746
2090,-8.523832321
2091,-33.13669586
2092,21.34490204
2093,1.603334665
2094,-29.67551231
2095,6.987398624
2096,-7.498296738
2097,-7.626488686
2098,-3.396152973
2099,15.83264542
2100,2.244294643
2101,-4.03711319
2102,18.26829338
2103,-32.88031006
2104,51.85459518
2105,42.88115692
2106,-20.18930435
2107,44.93222809
2108,5.1927104
2109,21.47309303
2110,37.11251831
2111,12.49965382
2112,5.320902348
2113,11.34592628
2114,-13.77970409
2115,-17.49727249
2116,-11.21586418
2117,3.910790682
2118,20.70394135
2119,25.57523727
2120,27.49811745
2121,11.73050213
2122,-5.575417042
2123,26.98534966
2124,2.244294643
2125,18.26829338
2126,37.4970932
2127,19.93478966
2128,-11.34405613
2129,-19.93292046
2130,-28.39359093
2131,-29.29093552
2132,12.11507797
2133,7.115590572
2134,-15.44620037
2135,3.910790682
2136,-18.01004028
2137,1.475142717
2138,36.59975052
2139,-23.00952721
2140,-44.16120529
2141,-5.575417042
2142,13.39699841
2143,57.8796196
2144,38.26624298
2145,6.731014252
2146,33.65133286
2147,-18.52280807
2148,-22.88133621
2149,3.013446569
2150,54.03385925
2151,48.64979553
2152,6.346438408
2153,6.731014252
2154,-7.754680634
2155,5.705478668
2156,23.39597321
2157,40.06093216
2158,9.807621956
2159,-32.62392807
2160,11.08954239
2161,4.808134556
2162,-1.601465106
2163,16.34541321
2164,-17.88184738
2165,-26.85528755
2166,0.8341827393
2167,32.75399017
2168,7.24378252
2169,-13.39512825
2170,-8.395640373
2171,-24.41963959
2172,46.34233856
2173,-9.933944702
2174,-38.13618469
2175,25.06246948
2176,31.0874939
2177,2.372486591
2178,7.24378252
2179,-14.03608799
2180,-8.908409119
2181,10.06400585
2182,-4.165305138
2183,-15.57439232
2184,-4.806264877
2185,13.78157425
2186,37.3689003
2187,41.72742844
2188,36.59975052
2189,33.90771866
2190,4.936326504
2191,26.85715675
2192,-1.216889143
2193,3.654406548
2194,6.474630356
2195,3.910790682
2196,25.83162117
2197,-5.70360899
2198,-2.883384943
2199,-22.75314331
2200,-2.114233017
2201,-2.498809099
2202,-8.523832321
2203,1.85971868
2204,23.908741
2205,-37.75160599
2206,-8.011064529
2207,-22.62495232
2208,11.47411823
2209,39.16358948
2210,38.13805389
2211,24.67789268
2212,1.85971868
2213,-25.70155907
2214,11.98688602
2215,2.500678539
2216,10.06400585
2217,8.397510529
2218,-16.8563118
2219,1.731526732
2220,8.653894424
2221,11.47411823
2222,-5.575417042
2223,13.52519035
2224,13.39699841
2225,16.858181
2226,12.37146187
2227,-3.908921003
2228,31.72845268
2229,2.628870726
2230,6.21824646
2231,28.13907623
2232,-27.49624825
2233,-20.18930435
2234,-0.06316119432
2235,14.67891788
2236,-12.24140072
2237,11.73050213
2238,13.26880646
2239,-9.164793015
2240,36.98432541
2241,-15.95896816
2242,-45.44312668
2243,19.16563797
2244,-0.191353187
2245,27.49811745
2246,18.65287018
2247,-34.67499924
2248,-14.16427994
2249,17.49914169
2250,27.11354065
2251,24.67789268
2252,23.39597321
2253,-11.08767223
2254,3.013446569
2255,-11.47224808
2256,-12.88236046
2257,11.08954239
2258,1.85971868
2259,8.91027832
2260,1.475142717
2261,8.782086372
2262,21.98586082
2263,20.44755745
2264,24.16512489
2265,11.08954239
2266,9.038470268
2267,-18.52280807
2268,-13.2669363
2269,-15.31800842
2270,-9.292984962
2271,15.57626152
2272,20.44755745
2273,-38.77714157
2274,22.62682152
2275,-3.011577129
2276,19.80659676
2277,32.62579727
2278,2.757062674
2279,6.731014252
2280,-2.242424965
2281,-12.49778461
2282,52.23917007
2283,3.141638517
2284,-24.41963959
2285,-7.626488686
2286,-47.23781586
2287,-34.03403854
2288,-9.036601067
2289,14.03795815
2290,0.9623747468
2291,20.06298256
2292,18.14010239
2293,-26.34251976
2294,16.47360611
2295,27.49811745
2296,14.03795815
2297,-32.11116028
2298,-4.678072929
2299,7.628358364
2300,5.064518452
2301,21.47309303
2302,29.29280472
2303,16.72999001
2304,-12.88236046
2305,9.55123806
2306,2.885254622
2307,10.44858265
2308,-15.44620037
2309,-46.46866226
2310,-10.06213665
2311,69.41690063
2312,-11.98501682
2313,-21.85580063
2314,3.5262146
2315,2.244294643
2316,2.372486591
2317,44.6758461
2318,30.7029171
2319,41.72742844
2320,8.782086372
2321,-19.54834366
2322,27.11354065
2323,19.29382896
2324,8.525702477
2325,22.88320541
2326,-2.370617151
2327,-17.36907959
2328,-11.85682487
2329,1.346950769
2330,6.602822304
2331,0.3214147687
2332,-9.549368858
2333,-3.652536869
2334,-15.44620037
2335,1.346950769
2336,6.731014252
2337,8.269318581
2338,13.39699841
2339,10.1921978
2340,-9.933944702
2341,-28.64997482
2342,15.57626152
2343,18.65287018
2344,3.269830704
2345,0.4496067762
2346,2.885254622
2347,-13.5233202
2348,0.193222791
2349,2.244294643
2350,4.808134556
2351,-10.44671249
2352,-7.113720894
2353,3.910790682
2354,-31.98296738
2355,3.269830704
2356,0.8341827393
2357,15.44806957
2358,-8.139256477
2359,2.372486591
2360,-28.39359093
2361,-30.572855
2362,25.70343018
2363,6.090054512
2364,9.166662216
2365,-5.447225094
2366,21.85766983
2367,6.346438408
2368,-14.54885674
2369,25.44704628
2370,27.11354065
2371,9.166662216
2372,-0.83231318
2373,-8.011064529
2374,-8.652024269
2375,-6.344568729
2376,-14.29247284
2377,-28.52178383
2378,-9.036601067
2379,37.11251831
2380,0.3214147687
2381,-16.9845047
2382,9.423046112
2383,2.116102695
2384,31.0874939
2385,28.26726913
2386,23.78055
2387,33.77952576
2388,-1.345081091
2389,-31.34200668
2390,11.08954239
2391,-3.396152973
2392,-11.08767223
2393,-14.80524063
2394,2.500678539
2395,5.1927104
2396,14.67891788
2397,-18.52280807
2398,-35.18776703
2399,-1.345081091
2400,-5.831800938
2401,10.44858265
2402,15.83264542
2403,11.73050213
2404,19.03744507
2405,6.346438408
2406,4.936326504
2407,11.98688602
2408,0.3214147687
2409,-36.34149551
2410,5.320902348
2411,17.62733459
2412,-13.13874435
2413,8.525702477
2414,19.03744507
2415,14.80710983
2416,-0.83231318
2417,-30.572855
2418,-14.67704868
2419,9.679430008
2420,42.88115692
2421,12.88422966
2422,-24.29144859
2423,-27.23986435
2424,3.013446569
2425,-9.42117691
2426,8.782086372
2427,-3.652536869
2428,-30.82923889
2429,-24.54783249
2430,23.39597321
2431,-1.473273158
2432,-31.85477448
2433,6.090054512
2434,0.193222791
2435,9.038470268
2436,-8.523832321
2437,0.4496067762
2438,27.88269234
2439,-20.83026314
2440,16.9863739
2441,30.06195641
2442,22.88320541
2443,5.1927104
2444,-4.421689034
2445,27.24173355
2446,3.654406548
2447,-5.190840721
2448,3.910790682
2449,-13.5233202
2450,8.012934685
2451,20.44755745
2452,45.95776367
2453,24.54970169
2454,-16.21535301
2455,32.88217926
2456,2.885254622
2457,13.78157425
2458,8.397510529
2459,-11.85682487
2460,-10.1903286
2461,-10.70309639
2462,-18.26642418
2463,-6.216376781
2464,-5.831800938
2465,4.167174339
2466,-11.47224808
2467,4.167174339
2468,-6.985528946
2469,-23.2659111
2470,14.03795815
2471,2.628870726
2472,-15.95896816
2473,-5.190840721
2474,23.01139832
2475,-6.344568729
2476,-2.755192995
2477,-25.44517517
2478,6.474630356
2479,51.72640228
2480,-3.267961025
2481,1.603334665
2482,-16.5999279
2483,-11.60044098
2484,12.37146187
2485,-4.549880981
2486,0.5777987838
2487,-10.44671249
2488,27.11354065
2489,9.294854164
2490,6.346438408
2491,21.60128593
2492,16.21722221
2493,0.193222791
2494,0.06503079832
2495,7.500166416
2496,0.7059907913
2497,-46.34046936
2498,12.88422966
2499,11.73050213
2500,-34.41861343
2501,4.808134556
2502,-12.88236046
2503,-29.93189621
2504,4.808134556
2505,8.91027832
2506,2.628870726
2507,-20.31749535
2508,-7.498296738
2509,16.858181
2510,27.11354065
2511,33.65133286
2512,-28.39359093
2513,38.77901077
2514,7.115590572
2515,-1.857849121
2516,0.8341827393
2517,11.98688602
2518,44.2912674
2519,26.85715675
2520,1.987910748
2521,-9.549368858
2522,-9.549368858
2523,21.21670914
2524,-15.06162453
2525,-18.77919197
2526,4.295366764
2527,-23.77867889
2528,11.08954239
2529,29.80557251
2530,-3.524344921
2531,-20.83026314
2532,-16.7281208
2533,-1.857849121
2534,-17.75365639
2535,23.78055
2536,8.012934685
2537,-17.2408886
2538,11.47411823
2539,-9.933944702
2540,-16.7281208
2541,-6.216376781
2542,6.731014252
2543,-3.011577129
2544,-2.883384943
2545,3.5262146
2546,10.83315849
2547,13.26880646
2548,-10.57490444
2549,-7.113720894
2550,-13.90789604
2551,-22.88133621
2552,10.44858265
2553,2.116102695
2554,12.49965382
2555,-14.93343258
2556,9.807621956
2557,13.26880646
2558,24.42150879
2559,35.44602203
2560,4.423558712
2561,-4.806264877
2562,6.474630356
2563,19.42202187
2564,9.679430008
2565,-19.29195976
2566,-5.190840721
2567,13.01242161
2568,-51.46815109
2569,10.70496655
2570,3.910790682
2571,-5.319032669
2572,31.34387779
2573,13.9097662
2574,4.038982391
2575,-11.47224808
2576,-14.80524063
2577,12.62784576
2578,21.34490204
2579,16.21722221
2580,-18.52280807
2581,50.44448471
2582,35.18963623
2583,-16.8563118
2584,57.23865891
2585,4.167174339
2586,7.628358364
2587,-1.088697195
2588,2.372486591
2589,-31.59839058
2590,-11.85682487
2591,-18.90738487
2592,-20.31749535
2593,-19.16376877
2594,19.29382896
2595,-16.5999279
2596,0.5777987838
2597,9.55123806
2598,11.60231018
2599,20.44755745
2600,6.21824646
2601,2.244294643
2602,-11.21586418
2603,3.5262146
2604,0.9623747468
2605,0.5777987838
2606,7.756550312
2607,13.39699841
2608,-9.677560806
2609,-0.06316119432
2610,-20.83026314
2611,-34.67499924
2612,16.72999001
2613,15.57626152
2614,16.08902931
2615,-3.011577129
2616,-10.70309639
2617,-7.882872581
2618,13.39699841
2619,-10.44671249
2620,8.269318581
2621,10.96135044
2622,20.19117355
2623,4.679942608
2624,1.85971868
2625,-12.75416851
2626,-10.57490444
2627,10.1921978
2628,2.244294643
2629,9.294854164
2630,16.08902931
2631,9.679430008
2632,-21.08664703
2633,-8.908409119
2634,4.295366764
2635,0.4496067762
2636,-12.49778461
2637,13.39699841
2638,-9.549368858
2639,-42.87928772
2640,11.21773434
2641,0.3214147687
2642,-1.601465106
2643,-17.36907959
2644,-10.44671249
2645,5.449094296
2646,1.218758702
2647,-0.7041211724
2648,-15.06162453
2649,18.01190948
2650,5.449094296
2651,-40.31544876
2652,25.57523727
2653,29.03642082
2654,29.54918861
2655,26.08800507
2656,17.49914169
2657,-12.88236046
2658,0.8341827393
2659,-20.95845604
2660,-10.57490444
2661,9.55123806
2662,63.64825821
2663,10.32038975
2664,2.885254622
2665,-7.241912842
2666,-4.165305138
2667,42.62477112
2668,13.78157425
2669,-1.216889143
2670,-1.729657054
2671,33.77952576
2672,5.449094296
2673,-23.6504879
2674,0.9623747468
2675,1.85971868
2676,1.346950769
2677,15.57626152
2678,-16.5999279
2679,-14.16427994
2680,16.72999001
2681,18.39648628
2682,-0.7041211724
2683,-20.44568825
2684,-14.16427994
2685,11.60231018
2686,26.85715675
2687,-9.164793015
2688,-0.191353187
2689,15.83264542
2690,-23.00952721
2691,-0.191353187
2692,-8.267448425
2693,0.7059907913
2694,2.244294643
2695,15.96083832
2696,27.88269234
2697,-1.345081091
2698,0.8341827393
2699,-8.267448425
2700,3.398022652
2701,4.038982391
2702,19.16563797
2703,-18.90738487
2704,-10.83128834
2705,33.01037216
2706,9.423046112
2707,-17.88184738
2708,2.244294643
2709,-0.191353187
2710,-10.31852055
2711,-6.72914505
2712,10.44858265
2713,-1.601465106
2714,13.01242161
2715,-18.39461708
2716,-24.16325569
2717,42.88115692
2718,-18.39461708
2719,-63.26181412
2720,50.05990982
2721,49.29075623
2722,-17.11269569
2723,9.679430008
2724,-26.85528755
2725,-13.65151215
2726,-10.70309639
2727,-3.908921003
2728,29.16461372
2729,35.95878983
2730,32.62579727
2731,15.57626152
2732,21.47309303
2733,18.52467728
2734,22.75501442
2735,10.1921978
2736,22.11405373
2737,-7.754680634
2738,-3.139769077
2739,8.653894424
2740,-3.011577129
2741,-4.421689034
2742,-1.216889143
2743,4.295366764
2744,-3.524344921
2745,15.31987762
2746,-18.26642418
2747,-30.0600872
2748,13.14061451
2749,11.60231018
2750,-5.062648773
2751,-0.7041211724
2752,-11.47224808
2753,-17.88184738
2754,5.320902348
2755,22.88320541
2756,24.54970169
2757,8.141126633
2758,-21.08664703
2759,-7.882872581
2760,-4.678072929
2761,0.06503079832
2762,2.885254622
2763,7.756550312
2764,-5.831800938
2765,-2.883384943
2766,1.475142717
2767,-5.190840721
2768,-3.139769077
2769,20.44755745
2770,19.80659676
2771,17.88371849
2772,14.29434204
2773,18.26829338
2774,-18.01004028
2775,-31.59839058
2776,1.85971868
2777,9.935813904
2778,-9.805752754
2779,2.244294643
2780,-7.498296738
2781,-25.95794296
2782,3.782598495
2783,17.3709507
2784,-6.600952625
2785,51.47002029
2786,-23.394104
2787,-34.67499924
2788,51.21363449
2789,38.90720367
2790,0.3214147687
2791,1.731526732
2792,-20.95845604
2793,5.57728672
2794,19.16563797
2795,35.31782913
2796,4.167174339
2797,-39.80267715
2798,-1.473273158
2799,5.064518452
2800,33.01037216
2801,-4.934456825
2802,-4.678072929
2803,-2.370617151
2804,20.31936646
2805,19.03744507
2806,0.8341827393
2807,14.29434204
2808,8.012934685
2809,8.782086372
2810,20.31936646
2811,-4.293497086
2812,-30.0600872
2813,-2.242424965
2814,-4.165305138
2815,-18.39461708
2816,10.5767746
2817,25.83162117
2818,-21.59941673
2819,-10.06213665
2820,-24.80421638
2821,3.398022652
2822,28.65184593
2823,33.39494705
2824,31.72845268
2825,14.42253399
2826,-34.93138504
2827,-7.882872581
2828,5.705478668
2829,28.01088524
2830,33.90771866
2831,-2.755192995
2832,-15.83077621
2833,-5.062648773
2834,39.29178238
2835,13.14061451
2836,-0.3195451796
2837,10.32038975
2838,10.32038975
2839,22.11405373
2840,13.14061451
2841,11.47411823
2842,-21.47122383
2843,-17.49727249
2844,15.31987762
2845,1.731526732
2846,6.346438408
2847,-11.21586418
2848,-12.75416851
2849,-14.42066479
2850,10.06400585
2851,35.31782913
2852,-17.62546349
2853,36.72793961
2854,-19.42015266
2855,-59.67243958
2856,62.36634064
2857,18.01190948
2858,-17.75365639
2859,-14.93343258
2860,-43.6484375
2861,-0.06316119432
2862,8.141126633
2863,14.93530178
2864,16.21722221
2865,-37.87979889
2866,5.57728672
2867,23.26778221
2868,24.0369339
2869,0.193222791
2870,-10.95948029
2871,-29.80370331
2872,-31.59839058
2873,28.01088524
2874,36.98432541
2875,4.936326504
2876,-5.70360899
2877,-24.16325569
2878,-15.95896816
2879,8.397510529
2880,-3.139769077
2881,5.320902348
2882,4.55175066
2883,-20.31749535
2884,-2.242424965
2885,3.5262146
2886,1.85971868
2887,14.55072594
2888,8.91027832
2889,-29.41912842
2890,-18.65100098
2891,13.01242161
2892,43.26573181
2893,30.06195641
2894,-14.42066479
2895,-16.7281208
2896,-3.396152973
2897,-1.088697195
2898,24.80608559
2899,-1.986041069
2900,-10.06213665
2901,-14.93343258
2902,21.98586082
2903,3.782598495
2904,5.320902348
2905,28.78003693
2906,26.08800507
2907,17.88371849
2908,12.88422966
2909,25.70343018
2910,-22.62495232
2911,-3.011577129
2912,32.36941147
2913,-7.37010479
2914,-0.06316119432
2915,-2.755192995
2916,-0.06316119432
2917,-5.831800938
2918,10.44858265
2919,9.935813904
2920,-33.90584564
2921,38.00986099
2922,-4.421689034
2923,-35.44415283
2924,66.46848297
2925,0.7059907913
2926,-21.21483994
2927,-19.93292046
2928,-13.2669363
2929,19.16563797
2930,6.090054512
2931,4.167174339
2932,-21.21483994
2933,12.11507797
2934,35.57421112
2935,33.39494705
2936,24.16512489
2937,-8.652024269
2938,-21.98399162
2939,-10.44671249
2940,-15.57439232
2941,23.13958931
2942,13.52519035
2943,-1.986041069
2944,-2.114233017
2945,-5.959992886
2946,7.500166416
2947,13.39699841
2948,-1.857849121
2949,-3.780729055
2950,-25.82975197
2951,9.294854164
2952,24.54970169
2953,6.987398624
2954,-7.882872581
2955,2.244294643
2956,-6.857336998
2957,-19.42015266
2958,-7.754680634
2959,1.475142717
2960,37.6252861
2961,9.807621956
2962,-8.139256477
2963,-25.06060028
2964,-33.00850296
2965,-1.088697195
2966,7.115590572
2967,-0.9605051279
2968,-4.678072929
2969,-10.1903286
2970,13.26880646
2971,-0.3195451796
2972,-1.601465106
2973,-14.93343258
2974,-3.652536869
2975,8.525702477
2976,12.24326992
2977,21.72947693
2978,-13.90789604
2979,0.5777987838
2980,11.98688602
2981,15.44806957
2982,14.55072594
2983,13.52519035
2984,28.13907623
2985,1.090566754
2986,-7.37010479
2987,18.52467728
2988,-16.8563118
2989,-18.52280807
2990,-17.88184738
2991,-22.75314331
2992,70.9552002
2993,-4.165305138
2994,-73.26078796
2995,-8.908409119
2996,-13.65151215
2997,51.72640228
2998,21.08851814
2999,-21.47122383
3000,16.6017971
3001,-2.883384943
3002,-2.755192995
3003,-6.72914505
3004,-21.21483994
3005,6.8592062
3006,19.93478966
3007,-8.908409119
3008,-26.85528755
3009,-5.70360899
3010,-14.67704868
3011,-4.165305138
3012,-15.44620037
3013,-7.754680634
3014,10.70496655
3015,18.90925407
3016,15.83264542
3017,-3.396152973
3018,-26.72709656
3019,14.67891788
3020,35.70240402
3021,11.08954239
3022,-8.011064529
3023,-16.9845047
3024,7.24378252
3025,3.910790682
3026,25.06246948
3027,-12.24140072
3028,-4.934456825
3029,-5.062648773
3030,-5.062648773
3031,4.423558712
3032,-11.21586418
3033,-3.011577129
3034,-1.729657054
3035,-11.08767223
3036,-21.98399162
3037,11.21773434
3038,-11.85682487
3039,-18.26642418
3040,-1.345081091
3041,-11.98501682
3042,5.064518452
3043,15.19168568
3044,5.320902348
3045,10.83315849
3046,-5.062648773
3047,4.038982391
3048,33.65133286
3049,21.60128593
3050,24.42150879
3051,10.96135044
3052,-7.241912842
3053,3.141638517
3054,22.49862862
3055,10.70496655
3056,-10.83128834
3057,2.500678539
3058,-22.11218452
3059,-21.59941673
3060,59.16154099
3061,-8.523832321
3062,-38.39256668
3063,-6.088184834
3064,-5.70360899
3065,28.65184593
3066,25.19066048
3067,13.6533823
3068,15.44806957
3069,-2.755192995
3070,19.29382896
3071,35.95878983
3072,13.52519035
3073,-29.54731941
3074,-2.498809099
3075,-3.908921003
3076,-12.24140072
3077,16.9863739
3078,-6.985528946
3079,-13.39512825
3080,-22.49675941
3081,-31.98296738
3082,-4.549880981
3083,18.26829338
3084,40.44550705
3085,10.83315849
3086,-25.31698418
3087,7.756550312
3088,10.5767746
3089,3.269830704
3090,-34.54680634
3091,-12.75416851
3092,9.807621956
3093,-5.959992886
3094,29.67738152
3095,2.885254622
3096,-6.088184834
3097,-14.54885674
3098,-7.498296738
3099,-19.67653656
3100,-9.677560806
3101,5.961862564
3102,-5.831800938
3103,-9.292984962
3104,-15.06162453
3105,22.11405373
3106,10.44858265
3107,-30.572855
3108,-19.80472755
3109,4.038982391
3110,-6.216376781
3111,35.06144333
3112,4.167174339
3113,-30.7010479
3114,-3.267961025
3115,16.9863739
3116,18.26829338
3117,16.21722221
3118,27.24173355
3119,-0.83231318
3120,-15.06162453
3121,-5.190840721
3122,23.6523571
3123,15.06349373
3124,-9.933944702
3125,0.3214147687
3126,-27.75263214
3127,-40.18725586
3128,15.70445347
3129,17.49914169
3130,-6.344568729
3131,24.54970169
3132,-20.70207214
3133,16.47360611
3134,58.77696228
3135,15.57626152
3136,12.24326992
3137,-26.47071075
3138,20.70394135
3139,15.31987762
3140,-10.57490444
3141,-21.85580063
3142,-24.54783249
3143,-10.70309639
3144,-7.241912842
3145,9.166662216
3146,14.93530178
3147,-32.49573517
3148,-6.216376781
3149,-15.57439232
3150,-13.2669363
3151,22.11405373
3152,21.72947693
3153,10.70496655
3154,10.70496655
3155,1.475142717
3156,-3.652536869
3157,26.34438896
3158,-5.447225094
3159,10.70496655
3160,9.038470268
3161,-8.139256477
3162,18.78106117
3163,-11.60044098
3164,-24.16325569
3165,-14.80524063
3166,2.757062674
3167,13.52519035
3168,2.885254622
3169,-1.857849121
3170,-1.857849121
3171,-11.85682487
3172,-13.13874435
3173,27.36992455
3174,0.193222791
3175,-34.41861343
3176,5.961862564
3177,-7.882872581
3178,-30.0600872
3179,-3.908921003
3180,-11.85682487
3181,-16.7281208
3182,8.525702477
3183,16.34541321
3184,9.935813904
3185,3.013446569
3186,6.21824646
3187,10.06400585
3188,2.757062674
3189,15.70445347
3190,24.29331779
3191,-3.908921003
3192,-31.47019958
3193,-1.729657054
3194,3.910790682
3195,-3.652536869
3196,15.06349373
3197,-7.37010479
3198,-13.13874435
3199,13.6533823
3200,7.88474226
3201,10.06400585
3202,17.3709507
3203,7.371974468
3204,42.62477112
3205,-13.2669363
3206,0.7059907913
3207,0.9623747468
3208,-16.47173691
3209,-5.062648773
3210,3.782598495
3211,-3.908921003
3212,-2.627001047
3213,22.24224472
3214,-9.292984962
3215,-30.95743179
3216,-24.16325569
3217,-13.5233202
3218,1.346950769
3219,13.26880646
3220,5.705478668
3221,-2.883384943
3222,10.70496655
3223,18.01190948
3224,-8.267448425
3225,15.44806957
3226,16.858181
3227,24.16512489
3228,9.807621956
3229,-25.95794296
3230,-2.627001047
3231,28.78003693
3232,-6.088184834
3233,11.21773434
3234,-1.345081091
3235,-18.13823128
3236,-0.83231318
3237,14.93530178
3238,2.628870726
3239,-23.2659111
3240,-5.959992886
3241,19.29382896
3242,-0.5759291649
3243,-19.54834366
3244,20.19117355
3245,1.218758702
3246,-9.805752754
3247,5.833670616
3248,-34.16223145
3249,-47.62239075
3250,3.910790682
3251,2.500678539
3252,1.85971868
3253,19.03744507
3254,7.371974468
3255,-3.396152973
3256,1.475142717
3257,17.49914169
3258,14.80710983
3259,-4.678072929
3260,-22.75314331
3261,-23.13772011
3262,38.39443588
3263,16.47360611
3264,5.705478668
3265,-36.21330261
3266,-31.34200668
3267,29.42099762
3268,25.44704628
3269,11.85869408
3270,48.90618134
3271,16.858181
3272,2.372486591
3273,-20.44568825
3274,-16.08716011
3275,7.756550312
3276,-7.754680634
3277,21.85766983
3278,0.4496067762
3279,-5.959992886
3280,14.03795815
3281,2.885254622
3282,-16.08716011
3283,-26.47071075
3284,20.06298256
3285,10.5767746
3286,2.628870726
3287,13.01242161
3288,-10.06213665
3289,-11.47224808
3290,0.4496067762
3291,33.90771866
3292,10.96135044
3293,-2.114233017
3294,-10.31852055
3295,5.449094296
3296,31.85664558
3297,-22.62495232
3298,5.449094296
3299,23.52416611
3300,2.885254622
3301,3.654406548
3302,-3.652536869
3303,-22.75314331
3304,22.11405373
3305,35.06144333
3306,38.26624298
3307,-21.59941673
3308,-7.241912842
3309,10.32038975
3310,3.654406548
3311,-8.523832321
3312,-15.95896816
3313,-24.54783249
3314,-39.54629517
3315,24.80608559
3316,-9.036601067
3317,-37.2388382
3318,6.602822304
3319,9.807621956
3320,-9.805752754
3321,-9.933944702
3322,5.961862564
3323,25.31885338
3324,-5.831800938
3325,-1.601465106
3326,7.115590572
3327,19.16563797
3328,9.679430008
3329,-12.36959267
3330,6.731014252
3331,-3.780729055
3332,11.73050213
3333,0.9623747468
3334,-24.29144859
3335,16.08902931
3336,9.038470268
3337,43.52211761
3338,30.3183403
3339,-16.08716011
3340,2.757062674
3341,-0.191353187
3342,-3.011577129
3343,18.39648628
3344,-26.08613586
3345,4.55175066
3346,4.038982391
3347,-2.755192995
3348,-11.60044098
3349,-8.652024269
3350,-8.395640373
3351,-29.93189621
3352,1.218758702
3353,-13.13874435
3354,-15.95896816
3355,13.26880646
3356,2.885254622
3357,-0.06316119432
3358,3.269830704
3359,19.16563797
3360,0.5777987838
3361,5.57728672
3362,-16.9845047
3363,-7.626488686
3364,52.88013077
3365,4.038982391
3366,24.80608559
3367,11.34592628
3368,-20.31749535
3369,-9.677560806
3370,-17.11269569
3371,0.3214147687
3372,23.01139832
3373,19.42202187
3374,15.83264542
3375,-56.46763611
3376,0.7059907913
3377,29.80557251
3378,8.653894424
3379,2.885254622
3380,-12.88236046
3381,-9.292984962
3382,-21.98399162
3383,19.42202187
3384,-20.70207214
3385,-24.80421638
3386,10.32038975
3387,10.70496655
3388,-21.08664703
3389,15.70445347
3390,11.08954239
3391,10.83315849
3392,-10.70309639
3393,-13.01055241
3394,-8.011064529
3395,-1.857849121
3396,11.47411823
3397,-18.01004028
3398,45.06042099
3399,6.602822304
3400,-27.88082314
3401,-8.139256477
3402,2.757062674
3403,46.98329926
3404,15.44806957
3405,-3.908921003
3406,10.83315849
3407,-20.70207214
3408,3.910790682
3409,3.782598495
3410,-18.90738487
3411,20.57575035
3412,-10.31852055
3413,0.8341827393
3414,-17.36907959
3415,-19.42015266
3416,-12.11320877
3417,14.03795815
3418,22.75501442
3419,-13.13874435
3420,1.218758702
3421,-9.933944702
3422,-19.80472755
3423,21.60128593
3424,3.5262146
3425,-3.267961025
3426,7.756550312
3427,27.75450134
3428,1.85971868
3429,-10.95948029
3430,-24.54783249
3431,16.34541321
3432,45.31680298
3433,16.21722221
3434,-11.60044098
3435,-9.292984962
3436,-11.72863293
3437,1.731526732
3438,-3.139769077
3439,-22.75314331
3440,2.372486591
3441,4.038982391
3442,23.01139832
3443,-12.49778461
3444,16.72999001
3445,18.26829338
3446,5.833670616
3447,20.44755745
3448,-8.908409119
3449,-24.93240738
3450,-20.18930435
3451,32.49760437
3452,14.42253399
3453,-14.54885674
3454,11.47411823
3455,10.83315849
3456,-35.05957413
3457,-3.652536869
3458,-17.2408886
3459,28.90822983
3460,10.83315849
3461,18.14010239
3462,13.14061451
3463,-23.6504879
3464,4.295366764
3465,-27.88082314
3466,47.62425995
3467,10.83315849
3468,-24.16325569
3469,-3.908921003
3470,32.11302948
3471,60.95622635
3472,9.294854164
3473,-22.36856842
3474,35.70240402
3475,7.24378252
3476,29.93376541
3477,-0.83231318
3478,-32.49573517
3479,7.756550312
3480,15.44806957
3481,-0.7041211724
3482,-11.72863293
3483,-29.16274261
3484,-5.447225094
3485,19.29382896
3486,-3.908921003
3487,-20.70207214
3488,-7.754680634
3489,-10.1903286
3490,-21.47122383
3491,6.731014252
3492,9.294854164
3493,0.3214147687
3494,4.55175066
3495,28.13907623
3496,-1.601465106
3497,5.320902348
3498,-14.03608799
3499,25.44704628
3500,23.908741
3501,-25.44517517
3502,-5.575417042
3503,33.65133286
3504,8.397510529
3505,-12.11320877
3506,-1.601465106
3507,-25.95794296
3508,-7.37010479
3509,-25.70155907
3510,9.423046112
3511,14.16615009
3512,17.75552559
3513,27.88269234
3514,-36.98245621
3515,-11.98501682
3516,9.423046112
3517,1.987910748
3518,-15.70258427
3519,13.78157425
3520,-3.139769077
3521,-29.29093552
3522,19.29382896
3523,12.37146187
3524,-24.29144859
3525,4.936326504
3526,-4.421689034
3527,0.193222791
3528,-23.2659111
3529,18.65287018
3530,-9.036601067
3531,2.116102695
3532,21.47309303
3533,-23.394104
3534,46.72691727
3535,43.13753891
3536,-2.242424965
3537,33.13856506
3538,-6.216376781
3539,12.37146187
3540,-15.70258427
3541,-20.31749535
3542,-0.3195451796
3543,1.603334665
3544,3.782598495
3545,-17.88184738
3546,-0.83231318
3547,6.8592062
3548,12.49965382
3549,9.935813904
3550,0.193222791
3551,-25.82975197
3552,5.1927104
3553,36.47155762
3554,0.8341827393
3555,-12.24140072
3556,0.9623747468
3557,-3.652536869
3558,-9.42117691
3559,8.269318581
3560,22.88320541
3561,2.500678539
3562,10.32038975
3563,15.06349373
3564,-15.06162453
3565,1.346950769
3566,-1.986041069
3567,13.01242161
3568,28.52365303
3569,-17.49727249
3570,12.88422966
3571,22.88320541
3572,-16.21535301
3573,0.8341827393
3574,12.75603771
3575,-18.52280807
3576,6.346438408
3577,-8.780216217
3578,6.474630356
3579,6.090054512
3580,20.96032524
3581,21.47309303
3582,-14.42066479
3583,2.757062674
3584,-3.780729055
3585,-36.5978775
3586,-13.5233202
3587,19.80659676
3588,-7.241912842
3589,-28.13720703
3590,29.29280472
3591,22.37043762
3592,-27.62443924
3593,1.475142717
3594,-14.54885674
3595,-15.57439232
3596,-16.47173691
3597,-0.4477371573
3598,10.83315849
3599,7.115590572
3600,5.1927104
3601,-26.21432686
3602,35.95878983
3603,25.31885338
3604,5.320902348
3605,49.29075623
3606,9.55123806
3607,18.90925407
3608,6.346438408
3609,-22.24037552
3610,-0.5759291649
3611,-18.01004028
3612,12.11507797
3613,2.885254622
3614,1.346950769
3615,-22.24037552
3616,-6.857336998
3617,17.62733459
3618,38.00986099
3619,1.475142717
3620,-0.9605051279
3621,15.19168568
3622,-6.216376781
3623,-2.627001047
3624,17.62733459
3625,3.141638517
3626,-29.41912842
3627,1.475142717
3628,-14.93343258
3629,1.603334665
3630,5.064518452
3631,-2.755192995
3632,12.24326992
3633,17.3709507
3634,-33.39307785
3635,-6.857336998
3636,49.80352402
3637,7.500166416
3638,-20.83026314
3639,-15.57439232
3640,-10.1903286
3641,18.78106117
3642,15.31987762
3643,14.55072594
3644,37.75347519
3645,21.21670914
3646,13.52519035
3647,-6.216376781
3648,21.85766983
3649,32.11302948
3650,15.96083832
3651,14.93530178
3652,-14.93343258
3653,-21.21483994
3654,10.83315849
3655,26.34438896
3656,9.423046112
3657,-46.98143005
3658,11.21773434
3659,-1.986041069
3660,-6.72914505
3661,23.6523571
3662,-6.344568729
3663,-23.77867889
3664,-10.06213665
3665,25.57523727
3666,24.29331779
3667,0.8341827393
3668,9.166662216
3669,-7.882872581
3670,28.26726913
3671,2.757062674
3672,-48.90431213
3673,50.9572525
3674,12.24326992
3675,53.39289856
3676,20.83213425
3677,-12.49778461
3678,-41.21279144
3679,-4.678072929
3680,11.85869408
3681,18.39648628
3682,-16.9845047
3683,-18.13823128
3684,-11.34405613
3685,-4.806264877
3686,15.96083832
3687,23.26778221
3688,17.49914169
3689,32.24122238
3690,-12.88236046
3691,-0.191353187
3692,3.269830704
3693,16.6017971
3694,1.731526732
3695,-2.242424965
3696,6.346438408
3697,-16.8563118
3698,6.346438408
3699,0.06503079832
3700,-43.00748062
3701,-0.191353187
3702,12.62784576
3703,-2.242424965
3704,42.75296402
3705,-4.678072929
3706,-12.49778461
3707,-3.908921003
3708,-0.83231318
3709,6.474630356
3710,-11.85682487
3711,-22.49675941
3712,40.83008575
3713,32.11302948
3714,14.42253399
3715,9.807621956
3716,5.320902348
3717,27.24173355
3718,9.423046112
3719,22.49862862
3720,5.320902348
3721,-4.934456825
3722,-1.473273158
3723,5.449094296
3724,7.500166416
3725,-38.77714157
3726,23.52416611
3727,16.72999001
3728,-16.5999279
3729,24.80608559
3730,3.013446569
3731,-19.29195976
3732,-34.54680634
3733,-6.600952625
3734,2.500678539
3735,4.55175066
3736,11.73050213
3737,-11.85682487
3738,27.36992455
3739,21.08851814
3740,-34.16223145
3741,54.93120193
3742,23.13958931
3743,29.80557251
3744,7.628358364
3745,-29.03455162
3746,-28.39359093
3747,-4.549880981
3748,11.08954239
3749,0.3214147687
3750,-14.54885674
3751,19.42202187
3752,1.987910748
3753,-16.47173691
3754,-2.755192995
3755,-5.447225094
3756,15.96083832
3757,24.42150879
3758,-11.34405613
3759,-8.011064529
3760,-2.114233017
3761,8.782086372
3762,-5.190840721
3763,-6.857336998
3764,16.08902931
3765,-13.65151215
3766,17.62733459
3767,-10.44671249
3768,-35.18776703
3769,-11.47224808
3770,11.60231018
3771,9.038470268
3772,8.91027832
3773,-32.11116028
3774,-37.6234169
3775,3.654406548
3776,18.39648628
3777,13.6533823
3778,-8.011064529
3779,-17.2408886
3780,3.398022652
3781,27.49811745
3782,-16.34354401
3783,2.885254622
3784,-2.370617151
3785,-5.70360899
3786,0.7059907913
3787,9.55123806
3788,-1.857849121
3789,5.961862564
3790,18.90925407
3791,15.83264542
3792,8.397510529
3793,-27.75263214
3794,31.60026169
3795,12.11507797
3796,-1.601465106
3797,28.13907623
3798,-24.29144859
3799,-2.883384943
3800,-1.986041069
3801,25.44704628
3802,2.885254622
3803,2.244294643
3804,15.96083832
3805,-16.7281208
3806,40.18912506
3807,-24.93240738
3808,-35.18776703
3809,20.44755745
3810,1.475142717
3811,-2.627001047
3812,6.731014252
3813,-31.98296738
3814,-32.36754227
3815,16.47360611
3816,11.21773434
3817,9.679430008
3818,18.65287018
3819,-1.216889143
3820,1.218758702
3821,-6.857336998
3822,10.5767746
3823,19.67840576
3824,37.3689003
3825,28.01088524
3826,-12.11320877
3827,1.731526732
3828,-3.780729055
3829,2.500678539
3830,11.34592628
3831,-0.7041211724
3832,19.03744507
3833,-17.49727249
3834,0.8341827393
3835,-32.11116028
3836,-24.80421638
3837,9.679430008
3838,-1.857849121
3839,-11.21586418
3840,-17.36907959
3841,-21.59941673
3842,1.346950769
3843,19.03744507
3844,-4.549880981
3845,3.5262146
3846,3.910790682
3847,-5.70360899
3848,-0.7041211724
3849,2.372486591
3850,-3.267961025
3851,16.9863739
3852,13.14061451
3853,-2.370617151
3854,-2.755192995
3855,11.85869408
3856,7.371974468
3857,-2.370617151
3858,-1.473273158
3859,9.679430008
3860,0.4496067762
3861,-0.9605051279
3862,20.44755745
3863,-2.755192995
3864,-15.06162453
3865,-0.7041211724
3866,-15.18981647
3867,-18.39461708
3868,-1.729657054
3869,29.54918861
3870,-0.3195451796
3871,-3.396152973
3872,-11.08767223
3873,-42.36651993
3874,34.42048645
3875,22.75501442
3876,-8.139256477
3877,34.80506134
3878,10.06400585
3879,-1.857849121
3880,8.782086372
3881,-25.95794296
3882,-25.44517517
3883,0.5777987838
3884,-7.626488686
3885,-11.47224808
3886,-3.652536869
3887,12.11507797
3888,23.78055
3889,19.16563797
3890,10.44858265
3891,0.193222791
3892,-18.90738487
3893,4.167174339
3894,-0.5759291649
3895,34.80506134
3896,31.72845268
3897,-6.088184834
3898,-13.39512825
3899,-10.70309639
3900,10.5767746
3901,-4.934456825
3902,2.628870726
3903,-25.18879128
3904,-19.54834366
3905,2.244294643
3906,13.01242161
3907,-4.678072929
3908,2.757062674
3909,-20.70207214
3910,-22.24037552
3911,10.96135044
3912,15.96083832
3913,54.03385925
3914,25.70343018
3915,-20.95845604
3916,15.70445347
3917,-29.67551231
3918,-7.37010479
3919,6.602822304
3920,12.11507797
3921,8.782086372
3922,-10.70309639
3923,12.49965382
3924,-12.11320877
3925,29.29280472
3926,14.93530178
3927,10.06400585
3928,-9.42117691
3929,1.603334665
3930,36.72793961
3931,-9.549368858
3932,0.4496067762
3933,12.62784576
3934,5.57728672
3935,-15.31800842
3936,-7.626488686
3937,26.85715675
3938,-1.088697195
3939,-6.857336998
3940,-2.755192995
3941,-19.67653656
3942,47.36787796
3943,-5.062648773
3944,-62.62085342
3945,29.80557251
3946,41.59923553
3947,5.064518452
3948,14.03795815
3949,-30.95743179
3950,-18.01004028
3951,4.679942608
3952,11.21773434
3953,3.654406548
3954,-9.933944702
3955,-5.319032669
3956,29.67738152
3957,39.80455017
3958,23.78055
3959,24.93427658
3960,1.346950769
3961,7.24378252
3962,-2.627001047
3963,27.62630844
3964,22.37043762
3965,-10.31852055
3966,-20.06111145
3967,-11.85682487
3968,4.295366764
3969,2.885254622
3970,21.21670914
3971,15.31987762
3972,-9.549368858
3973,5.57728672
3974,9.166662216
3975,-2.627001047
3976,0.5777987838
3977,-27.36805534
3978,10.32038975
3979,7.500166416
3980,14.16615009
3981,23.13958931
3982,-3.139769077
3983,-10.95948029
3984,-5.959992886
3985,13.39699841
3986,24.93427658
3987,0.9623747468
3988,4.423558712
3989,6.987398624
3990,5.57728672
3991,23.39597321
3992,8.525702477
3993,-18.39461708
3994,-4.165305138
3995,12.62784576
3996,3.013446569
3997,-17.49727249
3998,14.55072594
