Frequency_Hz,Amplitude
0.0,3.7211488119257305
0.17432605905006418,0.14596784103205665
0.34865211810012836,0.41370237529096704
0.5229781771501926,0.13075544863009278
0.6973042362002567,0.08331775386921422
0.8716302952503209,0.13773711918085094
1.0459563543003851,0.2408512068231151
1.2202824133504493,0.05684943586660804
1.3946084724005134,0.21718289376922417
1.5689345314505776,0.07843226171252983
1.7432605905006417,0.11091882428181644
1.917586649550706,0.14666081473321796
2.0919127086007703,0.055377863664349755
2.2662387676508344,0.14950077359758224
2.4405648267008986,0.13067424876446807
2.6148908857509627,0.1663191305106797
2.789216944801027,0.24225990168049882
2.963543003851091,0.10502233143281572
3.137869062901155,0.1820974446389363
3.3121951219512193,0.04968516887500995
3.4865211810012835,0.1384395010533982
3.6608472400513477,0.11533868976648733
3.835173299101412,0.15573362819376235
4.009499358151476,0.11683305833718008
4.1838254172015406,0.20320523580450647
4.358151476251605,0.1163380535619281
4.532477535301669,0.13408642985751398
4.706803594351733,0.1965503219719991
4.881129653401797,0.188450336865478
5.055455712451861,0.22396126946074013
5.2297817715019255,0.13190882124478087
5.40410783055199,0.13882413187538611
5.578433889602054,0.1838767938773311
5.752759948652118,0.3724133707312565
5.927086007702182,0.1414937366500711
6.101412066752246,0.22510614043870783
6.27573812580231,0.02114561670298338
6.4500641848523745,0.22954920796583356
6.624390243902439,0.14195816396853073
6.798716302952503,0.10718274638364916
6.973042362002567,0.10233926712752495
7.147368421052631,0.3812865870943666
7.321694480102695,0.14377444580711077
7.4960205391527595,0.11825446237923404
7.670346598202824,0.23054651862498915
7.844672657252888,0.2285382355184763
8.018998716302953,0.4525404310196857
8.193324775353016,0.1683266522636944
8.367650834403081,0.270251969940116
8.541976893453144,0.15101485555630165
8.71630295250321,0.10651169637352138
8.890629011553273,0.25117065732063126
9.064955070603338,0.197486366318217
9.239281129653401,0.18037167399950715
9.413607188703466,0.18725005132087497
9.58793324775353,0.12296285635644169
9.762259306803594,0.08670720361444316
9.936585365853658,0.31226528901234474
10.110911424903723,0.3228414353838519
10.285237483953786,0.11427731879071207
10.459563543003851,0.16186852287660997
10.633889602053914,1.4718126965419323
10.80821566110398,0.16608015379805857
10.982541720154043,0.15662646384021814
11.156867779204108,0.11685707783843476
11.331193838254173,0.08039517448861992
11.505519897304236,0.1907220205028084
11.679845956354301,0.19734480984624034
11.854172015404364,0.15863862781830115
12.02849807445443,0.20427572343103872
12.202824133504492,0.10699477118791492
12.377150192554558,0.19359628499904497
12.55147625160462,0.23941879371478955
12.725802310654686,0.12309537966071493
12.900128369704749,0.14632988844702313
13.074454428754814,0.2834731787043713
13.248780487804877,0.10147867315543203
13.423106546854942,0.24929210299672658
13.597432605905006,0.23314403013263166
13.77175866495507,0.19071597516280447
13.946084724005134,0.1088127261455716
14.120410783055199,0.15857708488212754
14.294736842105262,0.29386027363620615
14.469062901155327,0.3639093744778529
14.64338896020539,0.19790144608759197
14.817715019255456,0.21993100467030113
14.992041078305519,0.04353958928014171
15.166367137355584,0.08481885526686052
15.340693196405647,0.11105880001915783
15.515019255455712,0.13863667909746574
15.689345314505776,0.0766744883940121
15.86367137355584,0.2726871908484981
16.037997432605906,0.2757078532083946
16.21232349165597,0.2576055453266532
16.386649550706032,0.037748123711439464
16.560975609756095,0.043743266923366025
16.735301668806162,0.16604694633522818
16.909627727856225,0.142442173435771
17.08395378690629,0.18456053306201056
17.258279845956356,0.11283231000910474
17.43260590500642,0.07822934637028403
17.606931964056482,0.30387507857157803
17.781258023106545,0.3169759402364363
17.955584082156612,0.35681391035812193
18.129910141206675,0.10169818439893442
18.30423620025674,0.34660288592908933
18.478562259306802,0.055768009913965015
18.65288831835687,0.1460832571851686
18.827214377406932,0.19233694346378988
19.001540436456995,0.5107856319164299
19.17586649550706,0.21074622441599955
19.350192554557125,0.1291644668842836
19.52451861360719,0.2088065850047513
19.698844672657252,0.08642149887116836
19.873170731707315,0.2425131976091408
20.047496790757382,0.22402937010853657
20.221822849807445,0.5444665682440193
20.39614890885751,0.31889188812533503
20.570474967907572,0.10483240004028903
20.74480102695764,0.25204545410302454
20.919127086007702,0.08875477012351093
21.093453145057765,0.3831898279825385
21.26777920410783,0.7592602284764745
21.442105263157895,0.30386505293687205
21.61643132220796,0.3680453467041683
21.79075738125802,0.4178788421277944
21.965083440308085,0.31836711223850706
22.139409499358152,0.47666280227759866
22.313735558408215,0.0922487964696988
22.48806161745828,0.14195272028009723
22.662387676508345,0.3300902203794179
22.83671373555841,0.2951502276647628
23.01103979460847,0.06529280877070347
23.185365853658535,0.23569410620334533
23.359691912708602,0.2493925470027459
23.534017971758665,0.1956098344220869
23.70834403080873,0.3718387329406755
23.88267008985879,0.2887115936860881
24.05699614890886,0.22003797999569438
24.23132220795892,0.2512198956656249
24.405648267008985,0.04369783982130134
24.579974326059048,0.09420542632310919
24.754300385109115,0.2504527444092824
24.92862644415918,0.06664643206152292
25.10295250320924,0.08362852362891908
25.277278562259305,0.32087275131661575
25.45160462130937,0.3410530976645157
25.625930680359435,0.31364363383622307
25.800256739409498,0.2712148926067341
25.97458279845956,0.18114886244660544
26.14890885750963,0.17285003738856375
26.32323491655969,0.17000830871796604
26.497560975609755,0.2381240981775594
26.671887034659818,0.2718983081898042
26.846213093709885,0.16217042503201617
27.020539152759948,0.30849265520552965
27.19486521181001,0.1348966042514876
27.369191270860075,0.09998439902130618
27.54351732991014,0.2635045154214933
27.717843388960205,0.3248123456727535
27.892169448010268,0.20278215676004283
28.066495507060335,0.06796853717340995
28.240821566110398,0.5504087488756685
28.41514762516046,0.18865899804047948
28.589473684210525,0.16700776557848446
28.76379974326059,0.10554121869963845
28.938125802310655,0.29558349207694223
29.112451861360718,0.21604945256951769
29.28677792041078,0.49630180482316794
29.461103979460848,0.46801671249460863
29.63543003851091,0.3263283695981378
29.809756097560975,0.11595031721247871
29.984082156611038,0.3258560094322924
30.158408215661105,0.22118345975658432
30.332734274711168,0.08467327971899923
30.50706033376123,0.13226771542649712
30.681386392811294,0.425157528286417
30.85571245186136,0.11963729479196293
31.030038510911425,0.20555672320068638
31.204364569961488,0.13696856385537154
31.37869062901155,0.16403147373112406
31.553016688061618,0.19768460542291189
31.72734274711168,0.40881398898418825
31.901668806161744,0.30078356382693755
32.07599486521181,0.21803386291741816
32.25032092426187,0.060422793800136154
32.42464698331194,0.5212677826433622
32.598973042362005,0.2873369505293276
32.773299101412064,0.17988926114894357
32.94762516046213,0.29386261611972375
33.12195121951219,0.12755119382917623
33.29627727856226,0.34443656932750566
33.470603337612324,0.3747867177894444
33.644929396662384,0.270301772515788
33.81925545571245,0.22464761376167827
33.99358151476252,0.12419533599030216
34.16790757381258,0.31324256879293044
34.342233632862644,0.18917753429630452
34.51655969191271,0.1343260535950952
34.69088575096277,0.2524369920517804
34.86521181001284,0.17883312778744792
35.0395378690629,0.2908483308060865
35.213863928112964,0.1705190274465531
35.38818998716303,0.08111608466585563
35.56251604621309,0.04138092256912355
35.73684210526316,0.14451735129652077
35.911168164313224,0.3571906821661443
36.085494223363284,0.24548063469346734
36.25982028241335,0.4445567607460639
36.43414634146341,0.25783243587444554
36.60847240051348,0.22259843818033165
36.782798459563544,0.08644803409784267
36.957124518613604,0.2323122009908785
37.13145057766367,0.02245098989198341
37.30577663671374,0.22372853965445832
37.4801026957638,0.05674084028424702
37.654428754813864,0.12659487916673798
37.828754813863924,0.37843446252844265
38.00308087291399,0.23925711225576912
38.17740693196406,0.18420131621118485
38.35173299101412,0.23135115737491416
38.526059050064184,0.14430714484558838
38.70038510911425,0.09225841679572573
38.87471116816431,0.4589467359813581
39.04903722721438,0.14720573756418492
39.223363286264444,0.08411586891521745
39.397689345314504,0.2097942493689244
39.57201540436457,0.2325603045583102
39.74634146341463,0.3687101971390652
39.9206675224647,0.32047791881682464
40.094993581514764,0.1950977784776945
40.269319640564824,0.0832565935863058
40.44364569961489,0.19573157734243696
40.61797175866496,0.43858137472561737
40.79229781771502,0.33868871376244714
40.966623876765084,0.22902310192933747
41.140949935815144,0.45832476168574476
41.31527599486521,0.1489444419028684
41.48960205391528,0.3827675840084254
41.66392811296534,0.05775316808089659
41.838254172015404,0.5488263444603186
42.01258023106547,0.1387750959743672
42.18690629011553,0.16525313791032809
42.3612323491656,0.3276333660510459
42.53555840821566,0.23997560683722205
42.709884467265724,0.4012321578695622
42.88421052631579,0.29773334639694915
43.05853658536585,0.2929736549867596
43.23286264441592,0.43966748151312823
43.407188703465984,0.2401714574564528
43.58151476251604,0.10698046908656283
43.75584082156611,0.22926952195419592
43.93016688061617,0.2736457828373985
44.10449293966624,0.3151536764124331
44.278818998716304,0.18055616003598574
44.45314505776636,0.0906127840857684
44.62747111681643,0.19436806136582488
44.8017971758665,0.12528141358913067
44.97612323491656,0.23564791090831605
45.15044929396662,0.19068107064524578
45.32477535301669,0.10183074423607329
45.49910141206675,0.2113352029085527
45.67342747111682,0.2834397579684413
45.84775353016688,0.18285817787356795
46.02207958921694,0.24722618190234424
46.19640564826701,0.271927299989469
46.37073170731707,0.043288853773098906
46.54505776636714,0.16298035297651897
46.719383825417204,0.11048751681921484
46.89370988446726,0.23078588893423876
47.06803594351733,0.20567714098466494
47.24236200256739,0.1349385336095413
47.41668806161746,0.3847683227814046
47.59101412066752,0.39515424105899216
47.76534017971758,0.18561722387648114
47.93966623876765,0.17975275533180526
48.11399229781772,0.3343287955341969
48.28831835686778,0.4264671038402496
48.46264441591784,0.3118713077189385
48.6369704749679,0.15471934943033336
48.81129653401797,0.09942870878511463
48.98562259306804,0.141884718104679
49.159948652118096,0.4003176550990247
49.33427471116816,0.5461991472265522
49.50860077021823,0.42572326050374637
49.68292682926829,0.1761921485804082
49.85725288831836,0.40144125411277515
50.031578947368416,0.4070778785392953
50.20590500641848,0.21401338747603946
50.38023106546855,0.20396447832364434
50.55455712451861,0.5197065372747978
50.728883183568676,0.548514591013182
50.90320924261874,0.3199485035164923
51.0775353016688,0.3072208415413351
51.25186136071887,0.2546213129843342
51.42618741976894,0.5266874885932283
51.600513478818996,0.4673718281550977
51.77483953786906,0.2426298089462758
51.94916559691912,0.1594930168694901
52.12349165596919,0.43545142881883125
52.29781771501926,0.388704709276447
52.472143774069316,0.12281170608053883
52.64646983311938,0.25185379322331813
52.82079589216945,0.06475534331854617
52.99512195121951,0.4083395397297081
53.169448010269576,0.17880215966061558
53.343774069319636,0.27432178900796944
53.5181001283697,0.16668897008857445
53.69242618741977,0.09444327195459491
53.86675224646983,0.3572754336493252
54.041078305519896,0.2735053883567076
54.21540436456996,0.41343721787145804
54.38973042362002,0.21023069718125892
54.56405648267009,0.21907879264268432
54.73838254172015,0.35281496763978054
54.912708600770216,0.4963904505499939
55.08703465982028,0.26819161024232874
55.26136071887034,0.3320220481543788
55.43568677792041,0.225628610631445
55.610012836970476,0.16373705833770177
55.784338896020536,0.27081367986478094
55.9586649550706,0.6669276667867106
56.13299101412067,0.5853456089057721
56.30731707317073,0.10057506425109868
56.481643132220796,0.2678870692010323
56.655969191270856,0.49375194152993634
56.83029525032092,0.3200295434201301
57.00462130937099,0.25208672168019497
57.17894736842105,0.3726953031576789
57.353273427471116,0.21278653959365962
57.52759948652118,0.1586881842815944
57.70192554557124,0.09717375214609889
57.87625160462131,0.4736786385349237
58.05057766367137,0.3095350747143514
58.224903722721436,0.4000156720401604
58.3992297817715,0.32004298077798954
58.57355584082156,0.33110499726418113
58.74788189987163,0.20795116886218182
58.922207958921696,0.44125440337875965
59.096534017971756,0.14607327342206378
59.27086007702182,0.28819683173106425
59.44518613607188,0.35740434517941244
59.61951219512195,0.9375933074026003
59.793838254172016,0.4996477505614252
59.968164313222076,0.480518804315754
60.14249037227214,0.6026722815569868
60.31681643132221,0.06404243720916995
60.49114249037227,0.7190237989511038
60.665468549422336,0.22811184091041273
60.839794608472396,0.5662513698907342
61.01412066752246,0.1720568468180017
61.18844672657253,0.8840007858050041
61.36277278562259,0.15966004368670295
61.537098844672656,0.20383922399174387
61.71142490372272,0.22034115598611156
61.88575096277278,0.0971644475843128
62.06007702182285,0.11386017411949438
62.234403080872916,0.7163592008117404
62.408729139922976,0.39287120143031773
62.58305519897304,0.31354352320132783
62.7573812580231,0.25561036703746404
62.93170731707317,0.45299823958495655
63.106033376123236,0.21942300920189117
63.280359435173295,0.48843879288631364
63.45468549422336,0.5880754738951579
63.62901155327343,0.27517746832400575
63.80333761232349,0.06483852846340038
63.977663671373556,0.4405360112914744
64.15198973042362,0.15366652160657981
64.32631578947368,0.12166283513964012
64.50064184852374,0.17468747580290409
64.67496790757382,0.20561336832133495
64.84929396662388,0.49514712272067646
65.02362002567394,0.685738912434224
65.19794608472401,0.30229809232304855
65.37227214377407,0.27678932853729454
65.54659820282413,0.2796739601863177
65.7209242618742,0.3696152591897576
65.89525032092426,0.2584320379969756
66.06957637997432,0.2678825121688301
66.24390243902438,0.22283698597726417
66.41822849807446,0.13420803175064247
66.59255455712452,0.10436464527211275
66.76688061617457,0.2198178341609851
66.94120667522465,0.6228484681791073
67.11553273427471,0.23440391394267618
67.28985879332477,0.2649026755560843
67.46418485237484,0.04778517168117189
67.6385109114249,0.20436612750788305
67.81283697047496,0.6293798111155253
67.98716302952504,0.12720075047671858
68.1614890885751,0.11556194791889293
68.33581514762515,0.25881966858448874
68.51014120667523,0.28032957616106435
68.68446726572529,0.25940247837114144
68.85879332477535,0.3527452470179774
69.03311938382542,0.3444778173824434
69.20744544287548,0.43651233739418505
69.38177150192554,0.3150747159798003
69.5560975609756,0.18386811074481033
69.73042362002568,0.11332618671490527
69.90474967907574,0.3961995890690172
70.0790757381258,0.5127298946958121
70.25340179717587,0.2862612303745563
70.42772785622593,0.16096482971523093
70.60205391527599,0.701603764369951
70.77637997432606,0.5440323696332594
70.95070603337612,0.9564852389375058
71.12503209242618,0.9946001473530023
71.29935815147626,0.8081121944852819
71.47368421052632,0.7179361074717054
71.64801026957637,0.34664258467314424
71.82233632862645,0.19265331855563558
71.99666238767651,0.512742594607581
72.17098844672657,0.33663035947381537
72.34531450577663,0.23230137654454386
72.5196405648267,0.9164273618044639
72.69396662387676,0.6269811874465392
72.86829268292682,0.23010172257542807
73.0426187419769,0.673659364303945
73.21694480102695,0.5592247129349031
73.39127086007701,0.2552712375427837
73.56559691912709,0.767530102309635
73.73992297817715,0.42359338953043507
73.91424903722721,0.48786208308823414
74.08857509627728,0.44410077230434813
74.26290115532734,0.7009171972727312
74.4372272143774,0.29469625149129264
74.61155327342748,0.14907708623858656
74.78587933247753,0.6805573039364855
74.9602053915276,0.2344135540464401
75.13453145057767,0.5578360100749483
75.30885750962773,0.40476869903364926
75.48318356867779,0.6085932293362305
75.65750962772785,0.24809156449274222
75.83183568677792,0.3184400931491586
76.00616174582798,0.42194626735446
76.18048780487804,0.2814647087007123
76.35481386392811,0.465109943639112
76.52913992297817,0.6698933804135448
76.70346598202823,0.6537914822953356
76.87779204107831,0.8539028892836851
77.05211810012837,0.13272049053704338
77.22644415917843,0.3554119460090202
77.4007702182285,0.03539156982646563
77.57509627727856,0.4054146037671813
77.74942233632862,0.20072175971754136
77.9237483953787,0.5388663521028528
78.09807445442875,0.22043551901240363
78.27240051347881,0.4695671428034898
78.44672657252889,0.46345260268821376
78.62105263157895,0.026335200312245663
78.79537869062901,0.0365213428598391
78.96970474967907,0.5484918872838616
79.14403080872914,0.4263877795429837
79.3183568677792,0.6575902853930737
79.49268292682926,0.1086162386113741
79.66700898587933,0.9724014335860528
79.8413350449294,0.08514200117870636
80.01566110397945,0.6386690833420158
80.18998716302953,0.5625757780386191
80.36431322207959,0.538142173016334
80.53863928112965,0.08461627564429323
80.71296534017972,0.2468432057426038
80.88729139922978,0.8558467657266258
81.06161745827984,0.4778395746089666
81.23594351732991,1.054640393980621
81.41026957637997,0.9888944586554439
81.58459563543003,0.7459274229097254
81.7589216944801,0.2006114253113252
81.93324775353017,1.4128210526264213
82.10757381258023,0.7032581611499245
82.28189987163029,0.6143508232630707
82.45622593068036,0.9396589541102686
82.63055198973042,1.323030278885371
82.80487804878048,0.812278939395105
82.97920410783055,0.6255224983387426
83.15353016688061,0.6687623232607862
83.32785622593067,0.9264677663640404
83.50218228498075,0.7033234223435176
83.67650834403081,0.956563584390123
83.85083440308087,0.3767568879694046
84.02516046213094,0.6005314046215326
84.199486521181,0.7358497661971699
84.37381258023106,0.7122219727274229
84.54813863928113,0.7200461360250826
84.7224646983312,0.6982158208279837
84.89679075738125,0.6600663736466958
85.07111681643131,1.0204492293754652
85.24544287548139,0.8608257074535662
85.41976893453145,0.7415197387651733
85.5940949935815,1.2108096743501255
85.76842105263158,0.37485358174156536
85.94274711168164,1.1488608565227398
86.1170731707317,0.1871082232646275
86.29139922978177,0.8323683185059645
86.46572528883183,0.17123828202733896
86.6400513478819,0.29547264696412134
86.81437740693197,0.289933253651778
86.98870346598203,0.14236806344550032
87.16302952503209,0.7188027565303036
87.33735558408216,0.3563604119363631
87.51168164313222,0.30806527248328236
87.68600770218228,0.12427547934331554
87.86033376123234,0.44206107733346295
88.03465982028241,0.31792603783660706
88.20898587933247,0.22534300437642238
88.38331193838253,0.15971874980064055
88.55763799743261,0.6157212318595616
88.73196405648267,0.11802973178273583
88.90629011553273,0.360733657621668
89.0806161745828,0.28760338658540824
89.25494223363286,0.44467729609403595
89.42926829268292,0.4287740193869079
89.603594351733,0.41239615609413605
89.77792041078305,0.5034326317926288
89.95224646983311,0.21654184768554488
90.12657252888319,0.5276775502957276
90.30089858793325,0.49403730806247637
90.4752246469833,0.5549061382280264
90.64955070603338,0.6687261660819556
90.82387676508344,0.8109416550719791
90.9982028241335,0.29576925332546267
91.17252888318356,0.7231888894293678
91.34685494223363,0.5661090129749197
91.5211810012837,0.8217561879977828
91.69550706033375,0.8167308573003718
91.86983311938383,0.5844802553941864
92.04415917843389,0.48921763946737584
92.21848523748395,0.1932557339397642
92.39281129653402,0.945271724462935
92.56713735558408,0.9297874365575614
92.74146341463414,0.9300116365706464
92.91578947368421,0.5563686545312526
93.09011553273427,0.7178355328426418
93.26444159178433,0.9553255367510125
93.43876765083441,0.993409652713722
93.61309370988447,0.7371673520450319
93.78741976893453,0.09803223402023428
93.96174582798459,0.17723271097948945
94.13607188703466,0.9920464241289441
94.31039794608472,0.21242713087832504
94.48472400513478,1.1823542835045124
94.65905006418485,0.26806024909937826
94.83337612323491,0.6357816738022738
95.00770218228497,0.4641847555645329
95.18202824133505,0.8770927462602728
95.3563543003851,0.704632973978474
95.53068035943517,0.3458050466587634
95.70500641848524,0.3758759583465209
95.8793324775353,0.46393813438972537
96.05365853658536,0.6635253580103944
96.22798459563543,0.5811795192091243
96.4023106546855,0.6188163907561439
96.57663671373555,0.5164228739726537
96.75096277278563,0.5392034983729104
96.92528883183569,0.5604260972552608
97.09961489088575,0.44401953582418063
97.2739409499358,0.6416925038979878
97.44826700898588,0.3758034529639507
97.62259306803594,0.5122682755249532
97.796919127086,0.6067845495273373
97.97124518613607,0.7355059465695544
98.14557124518613,0.7033992805435798
98.31989730423619,0.6926787041688175
98.49422336328627,0.6603671863244943
98.66854942233633,0.5122068979827901
98.84287548138639,0.11400030615610648
99.01720154043646,0.26135286350547204
99.19152759948652,0.9953597386154892
99.36585365853658,0.8508673571161954
99.54017971758665,1.0256817900916255
99.71450577663671,0.8151415683914518
99.88883183568677,0.6318287953239572
100.06315789473683,0.6555628822899919
100.2374839537869,0.40904725063116687
100.41181001283697,1.0732775155085374
100.58613607188703,0.6032234360551214
100.7604621309371,0.31506415614921823
100.93478818998716,0.7118337961687551
101.10911424903722,0.3825553654443081
101.2834403080873,0.6545582870052856
101.45776636713735,0.43492486973783356
101.63209242618741,0.7505846499614023
101.80641848523749,0.5043994424496524
101.98074454428755,0.8752680099684057
102.1550706033376,0.8912688135821925
102.32939666238768,1.080513718313402
102.50372272143774,0.7766356970703348
102.6780487804878,1.443752887116082
102.85237483953787,0.4469649091331886
103.02670089858793,1.5477978422855447
103.20102695763799,2.1835398436020244
103.37535301668805,0.3017666629821743
103.54967907573813,0.45895861182749237
103.72400513478819,0.4809570570076417
103.89833119383825,0.4610011041462149
104.07265725288832,0.9703906687260354
104.24698331193838,1.2242742272965397
104.42130937098844,0.6607519786129611
104.59563543003851,1.19444622709654
104.76996148908857,0.11712277361576282
104.94428754813863,0.2768674245001547
105.1186136071887,0.19712463700485217
105.29293966623877,0.6160882025914867
105.46726572528883,0.1704358585984425
105.6415917843389,0.6110849509555079
105.81591784338896,0.5948021314879313
105.99024390243902,0.5539059877906912
106.1645699614891,0.3533592570243732
106.33889602053915,0.556103153932939
106.51322207958921,0.7397761076522759
106.68754813863927,0.3253844854718085
106.86187419768935,0.8243583704436137
107.0362002567394,0.92918316567827
107.21052631578947,0.4199289134706114
107.38485237483954,0.2150723145700345
107.5591784338896,0.19027839713110786
107.73350449293966,0.2868829869718709
107.90783055198973,0.2621361625845833
108.08215661103979,0.42276083762292493
108.25648267008985,0.34270972497496105
108.43080872913993,0.9637885386734858
108.60513478818999,0.3515128404859555
108.77946084724005,0.959111833698681
108.95378690629012,0.541845238863578
109.12811296534018,0.679345892659853
109.30243902439024,0.06977775992355463
109.4767650834403,0.9533445989259896
109.65109114249037,1.34652583973954
109.82541720154043,0.625786451830983
109.99974326059049,0.843308662131786
110.17406931964057,1.3075880692417947
110.34839537869063,1.6862158429010885
110.52272143774069,0.4428775895709962
110.69704749679076,0.8240227748509408
110.87137355584082,0.750310252940435
111.04569961489088,0.5073741478253768
111.22002567394095,0.7331725083194089
111.39435173299101,0.6575392750703483
111.56867779204107,0.7391060535856646
111.74300385109115,1.2044925846892784
111.9173299101412,1.7639788817694602
112.09165596919127,0.7753804603444364
112.26598202824134,1.1081611752516265
112.4403080872914,1.1273373718279245
112.61463414634146,0.7083062389181026
112.78896020539152,1.249974021681611
112.96328626444159,1.3168094247001723
113.13761232349165,0.6064404965364205
113.31193838254171,1.298284085771237
113.48626444159179,1.1962808021370537
113.66059050064185,0.4116055148255374
113.8349165596919,2.1661912139898822
114.00924261874198,0.7720395924269113
114.18356867779204,0.3067589075280322
114.3578947368421,0.09569922912762723
114.53222079589217,0.35136520374864655
114.70654685494223,0.667957831199449
114.88087291399229,0.8417237868917655
115.05519897304237,0.6506842430935534
115.22952503209243,1.204492996417744
115.40385109114249,1.2314757564318233
115.57817715019254,1.1126447147694873
115.75250320924262,0.8980250500343275
115.92682926829268,1.1768395928203401
116.10115532734274,0.9619899314191601
116.27548138639281,0.3367538198879884
116.44980744544287,0.45001168476770986
116.62413350449293,0.4859946187870948
116.798459563543,0.5800192825463666
116.97278562259307,1.7234419223937056
117.14711168164312,0.7995841056291013
117.3214377406932,0.8047870413179555
117.49576379974326,0.7832674590541315
117.67008985879332,0.36922867218113303
117.84441591784339,0.6390114649821143
118.01874197689345,0.6074812934857923
118.19306803594351,0.8882492148759041
118.36739409499359,0.6000826228344782
118.54172015404365,0.4972227747526464
118.7160462130937,0.8202183813426991
118.89037227214376,0.5067405438412732
119.06469833119384,0.25583583606356397
119.2390243902439,0.3195691910996871
119.41335044929396,1.3270614359790431
119.58767650834403,0.22158956119238243
119.76200256739409,0.7078278437943092
119.93632862644415,0.3957604202844922
120.11065468549423,0.9536143991696662
120.28498074454428,0.5820089073646242
120.45930680359434,0.8384282545231944
120.63363286264442,2.341354827651062
120.80795892169448,0.5082517683204558
120.98228498074454,0.5622913465200456
121.15661103979461,1.261272843336918
121.33093709884467,1.6268300703791005
121.50526315789473,0.762557491355676
121.67958921694479,1.786144366981435
121.85391527599486,1.362331891257996
122.02824133504492,1.8416322353098178
122.20256739409498,0.8344069503229028
122.37689345314506,0.19242937837856183
122.55121951219512,0.7159096565247572
122.72554557124518,1.3919618714310877
122.89987163029525,2.065049820387428
123.07419768934531,0.5875456191545663
123.24852374839537,0.948381274505134
123.42284980744544,1.665768739837209
123.5971758664955,0.8193184946049892
123.77150192554556,1.4205254944750165
123.94582798459564,0.6963722194227716
124.1201540436457,0.7584266746832317
124.29448010269576,1.1710029927516599
124.46880616174583,0.8461630768657569
124.64313222079589,0.414007595698554
124.81745827984595,1.0930279153277136
124.99178433889601,1.5577945094424015
125.16611039794608,1.0760639531567386
125.34043645699614,0.20330630436326227
125.5147625160462,1.6183754731367392
125.68908857509628,0.8598980635008494
125.86341463414634,1.1344540166849133
126.0377406931964,1.458118348723514
126.21206675224647,0.7597535087488525
126.38639281129653,0.34915864865811175
126.56071887034659,0.7465092530263974
126.73504492939666,0.9237222079897588
126.90937098844672,0.8535369014703025
127.08369704749678,0.5866178649630166
127.25802310654686,0.33098396431038235
127.43234916559692,0.4873319875924766
127.60667522464698,0.8416309920068168
127.78100128369704,0.911788741920787
127.95532734274711,1.384014433467705
128.12965340179719,0.24110693004223774
128.30397946084724,0.5063637435589221
128.4783055198973,0.8237171810930707
128.65263157894736,1.1259890074977228
128.82695763799742,0.9595833533127988
129.00128369704748,0.27299204071279387
129.17560975609757,0.6623957520544291
129.34993581514763,1.184840737769158
129.5242618741977,1.843960639340358
129.69858793324775,0.5856732461875516
129.8729139922978,1.3734577487719484
130.04724005134787,1.5775961105094716
130.22156611039793,1.1999240014305532
130.39589216944802,1.005569883004954
130.57021822849808,0.9829680797358191
130.74454428754814,0.719815706921611
130.9188703465982,0.8720604502732051
131.09319640564826,1.1057057399936892
131.26752246469832,1.8734834919594576
131.4418485237484,1.622829208586983
131.61617458279846,1.4403204966701668
131.79050064184852,0.16664951518396556
131.96482670089858,1.0646524344178832
132.13915275994864,1.2133882060111045
132.3134788189987,2.795063394414066
132.48780487804876,0.9322341542060003
132.66213093709885,1.8405797803964556
132.8364569961489,2.9951928222171276
133.01078305519897,1.2633871148457898
133.18510911424903,1.7655548693086902
133.3594351732991,1.430802326939276
133.53376123234915,3.791897269677864
133.70808729139924,1.0021144236155408
133.8824133504493,1.3652122556917834
134.05673940949936,2.143860869348441
134.23106546854942,1.1732919898160887
134.40539152759948,1.8383144781966618
134.57971758664954,0.5757922494404172
134.75404364569962,1.0535887148039622
134.92836970474968,2.9159441147342418
135.10269576379974,0.6549714998785197
135.2770218228498,0.9508782490936696
135.45134788189986,1.6098567495907476
135.62567394094992,0.5957213581323901
135.79999999999998,1.3050273010625257
135.97432605905007,0.49248654720153123
136.14865211810013,1.777889232302717
136.3229781771502,1.0218052664883148
136.49730423620025,2.0832266320976895
136.6716302952503,0.47127383334631434
136.84595635430037,1.195096830421296
137.02028241335046,2.6322836877157374
137.19460847240052,0.9094326869387312
137.36893453145058,0.8489901852274099
137.54326059050064,1.9784572033226029
137.7175866495507,0.23911162478504885
137.89191270860076,1.3490957119196634
138.06623876765084,0.5667772161412484
138.2405648267009,1.0183957598502422
138.41489088575096,1.0886025564824986
138.58921694480102,1.3723223356003509
138.76354300385108,0.5819180886717877
138.93786906290114,0.682400564350992
139.1121951219512,0.2378116149474916
139.2865211810013,0.4147148931347873
139.46084724005135,0.9940225527372276
139.6351732991014,0.19221965571740288
139.80949935815147,0.3918184014472526
139.98382541720153,0.9788346387022663
140.1581514762516,0.9901653985752041
140.33247753530168,0.6990910859153208
140.50680359435174,0.9881112497623664
140.6811296534018,1.516801872668392
140.85545571245186,0.13949330921274963
141.02978177150192,0.7582253972195456
141.20410783055198,1.1025439681540932
141.37843388960206,0.4125790344357829
141.55275994865212,0.8020827586102609
141.72708600770218,0.6974879115617676
141.90141206675224,1.868615818708425
142.0757381258023,0.6472576800974589
142.25006418485236,1.9923389226432662
142.42439024390242,0.6333078118211558
142.5987163029525,2.029010555998932
142.77304236200257,0.3174186750951614
142.94736842105263,1.495061341042047
143.1216944801027,2.444108678854083
143.29602053915275,1.2596813431219696
143.4703465982028,1.4763288721745857
143.6446726572529,1.6641151604034181
143.81899871630296,0.5002387462776193
143.99332477535302,0.7264159702190488
144.16765083440308,1.7268639906703946
144.34197689345314,0.8343475429509274
144.5163029525032,0.45648144659986906
144.69062901155326,0.103413846760714
144.86495507060334,0.7330551512039165
145.0392811296534,0.1791692917653643
145.21360718870346,1.787257609181417
145.38793324775352,0.9467415837666462
145.56225930680358,2.368488346944586
145.73658536585364,0.7380778621689168
145.91091142490373,0.8541623197651884
146.0852374839538,1.2099038630343952
146.25956354300385,1.1366989139536605
146.4338896020539,0.6079078690740534
146.60821566110397,0.409517445441952
146.78254172015403,0.6237549348780486
146.95686777920412,1.0156997283478018
147.13119383825418,0.798473602631774
147.30551989730424,0.6096614632197489
147.4798459563543,0.5278625794534668
147.65417201540436,1.3327898007651027
147.82849807445442,0.5621159472383839
148.00282413350448,0.6040757786322124
148.17715019255456,0.4996684967310864
148.35147625160462,1.1612027612427889
148.52580231065468,1.215351059024649
148.70012836970474,0.3816052506214542
148.8744544287548,0.43393632304253776
149.04878048780486,1.3931169414643456
149.22310654685495,0.7407839225275514
149.397432605905,0.24099410447620967
149.57175866495507,0.34152213597618747
149.74608472400513,0.45602726313685993
149.9204107830552,0.3332677860060734
150.09473684210525,0.5425441771903663
150.26906290115534,0.5539662166297822
150.4433889602054,0.2170206790639788
150.61771501925546,0.8973794958494186
150.79204107830552,0.22788725221063502
150.96636713735558,0.11669104716026425
151.14069319640564,0.9695541568897342
151.3150192554557,0.41574776457416046
151.48934531450578,0.2707036327147009
151.66367137355584,0.17476433903230904
151.8379974326059,0.4689321275121598
152.01232349165596,0.17659728229069133
152.18664955070602,0.8192358466915431
152.36097560975608,1.0538263280712632
152.53530166880617,0.7178034108634774
152.70962772785623,0.9325753003455355
152.8839537869063,0.2366069056839151
153.05827984595635,1.1875057805433595
153.2326059050064,0.1179068579182904
153.40693196405647,0.10513062005910666
153.58125802310656,0.8584166247911892
153.75558408215662,1.2067575543514932
153.92991014120668,1.4822770046157108
154.10423620025674,0.09805502795997825
154.2785622593068,0.9166567384878708
154.45288831835686,0.04610936811753932
154.62721437740691,1.6438788385419252
154.801540436457,1.6200075986194156
154.97586649550706,1.1598624213323272
155.15019255455712,1.3274026789437539
155.32451861360718,0.9311328198119397
155.49884467265724,0.5688137000105447
155.6731707317073,1.1828010526042514
155.8474967907574,0.6977489872955202
156.02182284980745,0.1939373854643336
156.1961489088575,0.6301775710989069
156.37047496790757,0.33600948991269064
156.54480102695763,0.7917585416985522
156.7191270860077,0.9648868976273521
156.89345314505778,0.5056730855905387
157.06777920410784,0.49870307397063685
157.2421052631579,0.3265753640240734
157.41643132220796,0.5069537268075306
157.59075738125802,0.6084198055559542
157.76508344030808,0.7797378197596173
157.93940949935813,0.9206133021099085
158.11373555840822,0.3673486799280563
158.28806161745828,0.23364593049221202
158.46238767650834,0.3845989629195402
158.6367137355584,1.1895325365993323
158.81103979460846,0.8520262859987913
158.98536585365852,0.4499854997985551
159.1596919127086,0.7092490277703706
159.33401797175867,1.0798448882436107
159.50834403080873,1.8357254300608967
159.6826700898588,0.7533608966752297
159.85699614890885,0.4307363559917961
160.0313222079589,0.5707765443508772
160.20564826700897,0.8474144993056119
160.37997432605906,0.7441014969717936
160.55430038510912,0.6266980581533436
160.72862644415918,0.5323391357138821
160.90295250320924,0.686536834858749
161.0772785622593,0.4296745239604711
161.25160462130935,0.6670113873386724
161.42593068035944,0.9167152227023488
161.6002567394095,0.4217024198054758
161.77458279845956,0.7468855327043286
161.94890885750962,0.9933745596541884
162.12323491655968,0.638403270181167
162.29756097560974,0.1659315218456604
162.47188703465983,0.7033676830011534
162.6462130937099,0.18943759172333308
162.82053915275995,0.5140397419058436
162.99486521181,0.29649621239170015
163.16919127086007,0.22232104995949
163.34351732991013,0.677796525357378
163.5178433889602,0.6184240292246656
163.69216944801028,1.030439591691645
163.86649550706034,0.7086295320455795
164.0408215661104,0.9493000139084037
164.21514762516045,1.0380726228850743
164.38947368421051,0.9621607094621358
164.56379974326057,0.41691213714348374
164.73812580231066,0.8361972218337734
164.91245186136072,0.3989097817561899
165.08677792041078,0.16922923997550252
165.26110397946084,0.47060502403809457
165.4354300385109,0.12047187948638775
165.60975609756096,0.38896377138033883
165.78408215661105,1.0223792544201917
165.9584082156611,0.11751687525070077
166.13273427471117,0.5814577931556248
166.30706033376123,0.7397920005189993
166.4813863928113,1.2494919192934837
166.65571245186135,0.6344513884009245
166.8300385109114,0.5964525637349843
167.0043645699615,1.329309756421735
167.17869062901156,1.4630093676631848
167.35301668806162,0.22322277323274514
167.52734274711167,0.7973521922635065
167.70166880616173,0.28024899767226774
167.8759948652118,0.4580291223730351
168.05032092426188,0.836159695737699
168.22464698331194,0.15371615080694687
168.398973042362,0.17816157440442984
168.57329910141206,0.18105451512348159
168.74762516046212,0.5248024221202787
168.92195121951218,0.167498655888647
169.09627727856227,0.8819133464581275
169.27060333761233,0.28314880527653447
169.4449293966624,0.476704761234536
169.61925545571245,0.6324324669559044
169.7935815147625,0.462310951967995
169.96790757381257,0.1801211765028337
170.14223363286263,0.5347955306064319
170.31655969191272,0.7463424291423397
170.49088575096278,0.09853645535023112
170.66521181001283,0.5763923336710298
170.8395378690629,0.3479785000407459
171.01386392811295,0.050186700197244
171.188189987163,0.5373449573357532
171.3625160462131,0.5604262453638671
171.53684210526316,0.10208669204811247
171.71116816431322,0.4990960899637257
171.88549422336328,0.7910290818123099
172.05982028241334,0.3495167946335173
172.2341463414634,0.2366721140231917
172.40847240051346,1.0151372060545032
172.58279845956355,0.4982339715333818
172.7571245186136,1.1141867173217819
172.93145057766367,0.21459791383114488
173.10577663671373,1.2151788524736533
173.2801026957638,0.3479634430671363
173.45442875481385,0.37506485419485247
173.62875481386394,1.002534837211613
173.803080872914,1.5981388765068802
173.97740693196405,0.37789958798239864
174.15173299101411,0.7145238023969909
174.32605905006417,1.5849993672923253
174.50038510911423,0.9291333994609454
174.67471116816432,0.6759271585598782
174.84903722721438,0.6196844276360429
175.02336328626444,0.9561184453673012
175.1976893453145,0.7182080313575385
175.37201540436456,0.5405914448042168
175.54634146341462,0.11070214334434517
175.72066752246468,0.6613040719326658
175.89499358151477,1.1438048068182272
176.06931964056483,1.1717332875673026
176.2436456996149,1.072319922257016
176.41797175866495,1.5087732762717898
176.592297817715,1.4942270012453078
176.76662387676507,0.7917045650480279
176.94094993581515,0.343377706035525
177.11527599486521,1.801412925353988
177.28960205391527,1.6053259336770913
177.46392811296533,0.42572785520857287
177.6382541720154,0.8263064128427673
177.81258023106545,0.27023424832567416
177.98690629011554,1.8406435394102638
178.1612323491656,1.6155623040539808
178.33555840821566,0.946095875457808
178.50988446726572,0.8742047369771591
178.68421052631578,1.0623000041919228
178.85853658536584,1.2993974750711228
179.0328626444159,0.7372891999377772
179.207188703466,1.7644671772925973
179.38151476251605,1.1370258497464305
179.5558408215661,2.231471073585364
179.73016688061617,0.12300357596283575
179.90449293966623,0.7675820993333886
180.0788189987163,0.4476968140733097
180.25314505776637,0.6610581523000117
180.42747111681643,0.32449266743738076
180.6017971758665,0.88331237047102
180.77612323491655,0.9594840310736341
180.9504492939666,1.9268973470779702
181.12477535301667,1.1778958804134523
181.29910141206676,1.2208810837030903
181.47342747111682,0.7877818761460302
181.64775353016688,0.9734113094102641
181.82207958921694,1.8226602339123175
181.996405648267,0.1824086734068122
182.17073170731706,1.5783851716653539
182.34505776636712,1.072762676045329
182.5193838254172,1.9266300669674887
182.69370988446727,0.7531002512990516
182.86803594351733,0.7296858904851036
183.0423620025674,0.6209690450912704
183.21668806161745,1.621631078385156
183.3910141206675,1.1590939260714164
183.5653401797176,1.2062402140992405
183.73966623876765,0.13349218645626798
183.9139922978177,1.5191335507749608
184.08831835686777,1.7584308086383316
184.26264441591783,2.2523123776937464
184.4369704749679,1.1791533376592513
184.61129653401798,1.8374329815995099
184.78562259306804,0.8076021513467334
184.9599486521181,2.1205029692699853
185.13427471116816,1.3432659991147606
185.30860077021822,3.510724166190955
185.48292682926828,1.1526838005040154
185.65725288831834,0.7944983992338314
185.83157894736843,0.9203430640820901
186.0059050064185,2.429727468337267
186.18023106546855,0.46369976881382
186.3545571245186,0.19737349039690819
186.52888318356867,3.1945394532432894
186.70320924261873,0.37141745579959423
186.87753530166881,1.2845723891489955
187.05186136071887,1.5947021930147152
187.22618741976893,0.6261265166868738
187.400513478819,0.5591046405034407
187.57483953786905,1.5142950728723914
187.7491655969191,1.0617849027275907
187.92349165596917,1.7550411796945344
188.09781771501926,0.9003383453696266
188.27214377406932,0.959210212528274
188.44646983311938,1.7779585326983887
188.62079589216944,1.4779308370774082
188.7951219512195,1.1320758783874318
188.96944801026956,0.598679473548064
189.14377406931965,1.2677469543953734
189.3181001283697,1.7661759822363226
189.49242618741977,1.65329876058366
189.66675224646983,0.5122282243771498
189.8410783055199,0.4966519562839678
190.01540436456995,0.8146828172331716
190.18973042362003,0.8088131950491912
190.3640564826701,0.5614822804710828
190.53838254172015,1.0809951533127615
190.7127086007702,1.668464195827099
190.88703465982027,0.18488669416089556
191.06136071887033,0.3434058931540281
191.2356867779204,1.754959109720374
191.41001283697048,0.5431242094797522
191.58433889602054,1.0841047948522102
191.7586649550706,0.5780576885197305
191.93299101412066,0.0676924258190998
192.10731707317072,0.9715079069137093
192.28164313222078,0.08115620712433712
192.45596919127087,0.7069492921410531
192.63029525032093,0.5464162483786525
192.804621309371,0.04996407047193364
192.97894736842105,0.6442702419167862
193.1532734274711,1.0675597161661299
193.32759948652117,0.8959300576205946
193.50192554557125,0.22573288645469203
193.6762516046213,1.3852596106320982
193.85057766367137,0.01773892711114553
194.02490372272143,0.44691246735730583
194.1992297817715,0.6150702398097638
194.37355584082155,0.2628825952458761
194.5478818998716,0.6856244076049248
194.7222079589217,0.7744142686920694
194.89653401797176,0.4719028681008844
195.07086007702182,0.9743059676439658
195.24518613607188,0.6385723065680676
195.41951219512194,0.011688529993647803
195.593838254172,0.18464403555540107
195.7681643132221,0.09639675070268672
195.94249037227215,0.6920637201182208
196.1168164313222,0.4660488222993163
196.29114249037227,0.09216424530038556
196.46546854942233,0.507769174485051
196.63979460847239,0.16040224346466503
196.81412066752247,0.16490143073204808
196.98844672657253,0.16276199083293091
197.1627727856226,0.3740845249024257
197.33709884467265,0.05611812147702883
197.5114249037227,0.5302930090463445
197.68575096277277,0.6458536644202898
197.86007702182283,0.4212355527566388
198.03440308087292,0.018048737573648135
198.20872913992298,0.6123153344455444
198.38305519897304,0.5748538430583094
198.5573812580231,0.6012145400512784
198.73170731707316,0.2165872990433057
198.90603337612322,0.13800396050719804
199.0803594351733,0.6428028487299507
199.25468549422337,0.8878090215581012
199.42901155327343,0.8173534665659916
199.6033376123235,0.09365986968688111
199.77766367137355,0.3330088040134271
199.9519897304236,0.39392829869393226
200.12631578947367,0.33300536041712453
200.30064184852375,0.14366529472927783
200.4749679075738,0.6475642427806569
200.64929396662387,0.8511061430851871
200.82362002567393,0.487443980229616
200.997946084724,0.6178852824333465
201.17227214377405,0.5140666447694225
201.34659820282414,0.2959224367879529
201.5209242618742,0.12321447947495516
201.69525032092426,0.4164558055048484
201.86957637997432,0.5891619357939967
202.04390243902438,0.7495527802310523
202.21822849807444,0.3550109903488797
202.39255455712453,0.4296584182520284
202.5668806161746,0.10587135205664938
202.74120667522465,0.6184670158662422
202.9155327342747,0.5554514531211667
203.08985879332477,0.28707216460463686
203.26418485237483,0.5752596553794711
203.43851091142488,0.5970417480639487
203.61283697047497,0.2767054123830527
203.78716302952503,0.1116600447399541
203.9614890885751,0.24599642475239789
204.13581514762515,0.041540867438208506
204.3101412066752,0.4346527503087434
204.48446726572527,0.637736674989556
204.65879332477536,0.5056583782593177
204.83311938382542,0.9071221428941668
205.00744544287548,0.6013897373690191
205.18177150192554,0.7061299929246351
205.3560975609756,0.562675037451654
205.53042362002566,0.8528722440031962
205.70474967907575,0.3855137637383728
205.8790757381258,0.6897524329512346
206.05340179717587,0.2434652827840295
206.22772785622593,0.4558750726552033
206.40205391527599,0.8187569472732918
206.57637997432604,1.1217289345259696
206.7507060333761,0.30699804470162384
206.9250320924262,0.19125992100445452
207.09935815147625,0.45514285664268783
207.2736842105263,0.5916718916933402
207.44801026957637,0.693962004867298
207.62233632862643,0.7531150348887203
207.7966623876765,0.6791217716497712
207.97098844672658,0.27440381532309005
208.14531450577664,0.32036767468164873
208.3196405648267,0.20529705119196157
208.49396662387676,0.2765925091598068
208.66829268292682,0.402678735996887
208.84261874197688,0.6114416303749812
209.01694480102697,0.617559816683145
209.19127086007703,0.4717218811479466
209.36559691912709,0.31084721319400005
209.53992297817715,0.6799661891408684
209.7142490372272,0.40630194989263707
209.88857509627726,0.7684094005584696
210.06290115532732,0.7206898293796019
210.2372272143774,0.4103934716283433
210.41155327342747,0.3152809502422634
210.58587933247753,0.5492341869626711
210.7602053915276,0.6002220644139544
210.93453145057765,0.16374860361833526
211.1088575096277,0.3427018445436767
211.2831835686778,0.3128810866563399
211.45750962772786,0.3042640369967293
211.63183568677792,0.3379125472799806
211.80616174582798,0.5169797106086805
211.98048780487804,0.3218246162964242
212.1548138639281,0.18503496234228017
212.3291399229782,0.606542053768932
212.50346598202825,0.387052532766144
212.6777920410783,0.8042525880354179
212.85211810012837,0.25153743104529336
213.02644415917842,0.6041986947053577
213.20077021822848,0.5309402963930555
213.37509627727854,0.5698227662397818
213.54942233632863,0.49669106619418896
213.7237483953787,0.3467304729888877
213.89807445442875,0.22204753929933455
214.0724005134788,0.3808754971581507
214.24672657252887,0.22173605063877788
214.42105263157893,0.1757365642863485
214.59537869062902,0.7133833802169545
214.76970474967908,0.6401215381451312
214.94403080872914,0.4006311089814705
215.1183568677792,0.3306425588551611
215.29268292682926,0.10408424366981893
215.46700898587932,0.49248491094768615
215.64133504492938,0.37916655911937075
215.81566110397947,0.37047809059314235
215.98998716302953,0.36728649169217703
216.16431322207958,0.29232300375000797
216.33863928112964,0.4316740150102707
216.5129653401797,0.20817198916724897
216.68729139922976,0.107467506643373
216.86161745827985,0.058785128840146486
217.0359435173299,0.2277750320550092
217.21026957637997,0.20294039777645934
217.38459563543003,0.7806690373864228
217.5589216944801,0.22438276056200823
217.73324775353015,0.19197418926044724
217.90757381258024,0.21462134211997233
218.0818998716303,0.010079499232539011
218.25622593068036,0.17669500329024954
218.43055198973042,0.22821921821659796
218.60487804878048,0.301629524392898
218.77920410783054,0.36589872756014724
218.9535301668806,0.8562714206895521
219.12785622593069,0.4222303957140497
219.30218228498074,0.2474218787145259
219.4765083440308,0.776690499505687
219.65083440308086,0.27357730532432656
219.82516046213092,0.5274526510209825
219.99948652118098,0.497604446322822
220.17381258023107,0.3594604900499044
220.34813863928113,0.5082771875803698
220.5224646983312,0.6195546104041578
220.69679075738125,0.228600280874698
220.8711168164313,0.24853655943968841
221.04544287548137,0.11437210984172101
221.21976893453146,0.28242243592878213
221.39409499358152,0.37098844884381293
221.56842105263158,0.7614550826469693
221.74274711168164,0.23723087013634267
221.9170731707317,0.2835020061919019
222.09139922978176,0.2418125314231741
222.26572528883182,0.1839354858967261
222.4400513478819,0.1801043484974735
222.61437740693196,0.19851057398770194
222.78870346598202,0.4434274632239572
222.96302952503208,0.34002719615791654
223.13735558408214,0.3535195832670677
223.3116816431322,0.4044753176190091
223.4860077021823,0.07132717222778
223.66033376123235,0.4957563292428453
223.8346598202824,0.3981213444487912
224.00898587933247,0.38080682513164227
224.18331193838253,0.20824629421051113
224.3576379974326,0.3419553214715319
224.53196405648268,0.28476003538497313
224.70629011553274,0.450182181555347
224.8806161745828,0.1668999653245903
225.05494223363286,0.3529699753335626
225.22926829268292,0.27969001774061264
225.40359435173298,0.37910393674081844
225.57792041078304,0.19707654335907435
225.75224646983312,0.33056216946779343
225.92657252888318,0.1650203116279424
226.10089858793324,0.190040142558223
226.2752246469833,0.5270333275296273
226.44955070603336,0.2663959886794036
226.62387676508342,0.307186812282192
226.7982028241335,0.23167743492737847
226.97252888318357,0.2517857313727901
227.14685494223363,0.49486744834385843
227.3211810012837,0.5003326972130357
227.49550706033375,0.2797894308105934
227.6698331193838,0.3835083317846671
227.84415917843387,0.27624200008374994
228.01848523748396,0.19897417813245702
228.19281129653402,0.0362548695463947
228.36713735558408,0.19924990117186495
228.54146341463414,0.2728947257973362
228.7157894736842,0.129839722364532
228.89011553273426,0.30275776482436656
229.06444159178434,0.28634818570575976
229.2387676508344,0.505547634516022
229.41309370988446,0.3227385952932638
229.58741976893452,0.2212825457489026
229.76174582798458,0.17002379379661423
229.93607188703464,0.2449018930017063
230.11039794608473,0.43394056114742485
230.2847240051348,0.24242835139045338
230.45905006418485,0.25164760752808374
230.6333761232349,0.15014090452719386
230.80770218228497,0.27528131318160703
230.98202824133503,0.1242202797616967
231.1563543003851,0.07335687671514078
231.33068035943518,0.06861340149249381
231.50500641848524,0.3195490803210526
231.6793324775353,0.050744906731562484
231.85365853658536,0.2854430280446732
232.02798459563542,0.2394128234847571
232.20231065468548,0.2082713282985265
232.37663671373556,0.3469854843928802
232.55096277278562,0.4460662443274217
232.72528883183568,0.46288753512406317
232.89961489088574,0.2634106578491807
233.0739409499358,0.4120158760348087
233.24826700898586,0.29976914794358095
233.42259306803595,0.13352874205036325
233.596919127086,0.06127730887864329
233.77124518613607,0.1419570561535858
233.94557124518613,0.322695180357544
234.1198973042362,0.26896556372047353
234.29422336328625,0.40743075937350887
234.4685494223363,0.3313102234988242
234.6428754813864,0.16681207298618494
234.81720154043646,0.2293487247059417
234.99152759948652,0.3701296110965478
235.16585365853658,0.13478872879459047
235.34017971758664,0.3506465436762431
235.5145057766367,0.2814037736967565
235.68883183568678,0.46444951149094316
235.86315789473684,0.19997885079709976
236.0374839537869,0.06400352049259231
236.21181001283696,0.17657958407663826
236.38613607188702,0.48504283535278725
236.56046213093708,0.23056568445493844
236.73478818998717,0.1473497616298921
236.90911424903723,0.41104274293976617
237.0834403080873,0.40122106331479224
237.25776636713735,0.18733362865626513
237.4320924261874,0.11016128281154279
237.60641848523747,0.13048627960219955
237.78074454428753,0.5191471087904537
237.95507060333762,0.09926728873804376
238.12939666238768,0.050465632228916875
238.30372272143774,0.5384054909136553
238.4780487804878,0.3580186215565305
238.65237483953786,0.12014757961115649
238.82670089858792,0.42088444277093096
239.001026957638,0.3156281463074522
239.17535301668806,0.2598014758273117
239.34967907573812,0.3802607606969813
239.52400513478818,0.15300858502375467
239.69833119383824,0.4396004296346584
239.8726572528883,0.19338681611730416
240.0469833119384,0.24070942962162192
240.22130937098845,0.37857481276717486
240.3956354300385,0.10385257373531061
240.56996148908857,0.42715082902661367
240.74428754813863,0.23503330062651057
240.9186136071887,0.5363392324230263
241.09293966623875,0.27408441060465105
241.26726572528884,0.36428148195110993
241.4415917843389,0.5412158243421452
241.61591784338896,0.38011113921444484
241.79024390243902,0.21326226137823592
241.96456996148908,0.5663663331493508
242.13889602053914,0.4812715663724407
242.31322207958922,0.5781972247613677
242.48754813863928,0.12707177474019837
242.66187419768934,0.4827467421918331
242.8362002567394,0.369843151527265
243.01052631578946,0.2958956794801101
243.18485237483952,0.7710731379446768
243.35917843388958,0.1393101266600647
243.53350449293967,0.3274045362476476
243.70783055198973,0.5294922091446862
243.8821566110398,0.3156961025580942
244.05648267008985,0.3882097447395599
244.2308087291399,0.6401240202952582
244.40513478818997,0.525326460849208
244.57946084724006,0.4791753368388356
244.75378690629012,0.18656974060612372
244.92811296534018,0.7177090174710674
245.10243902439024,0.29255258806647766
245.2767650834403,0.554209992976733
245.45109114249036,0.3152202220232161
245.62541720154044,0.10965394640445723
245.7997432605905,0.2677694755746804
245.97406931964056,0.5817357896610794
246.14839537869062,0.4655588189097528
246.32272143774068,0.5716126021247309
246.49704749679074,0.4124270429012648
246.6713735558408,0.7863356572230098
246.8456996148909,0.28853852459589413
247.02002567394095,0.5908176506577155
247.194351732991,0.3159118277817875
247.36867779204107,0.5790008217510333
247.54300385109113,0.4906843634717769
247.7173299101412,0.5484025971476346
247.89165596919128,0.560767719388015
248.06598202824134,0.597287407793534
248.2403080872914,0.18282220946040958
248.41463414634146,0.7595305685564704
248.58896020539152,0.448233688216387
248.76328626444158,0.12669131192800454
248.93761232349166,0.12871637437777275
249.11193838254172,0.7628471026738831
249.28626444159178,0.973741448755715
249.46059050064184,0.0598968613370403
249.6349165596919,0.3509953043972006
249.80924261874196,0.15097202926465084
249.98356867779202,0.26964899931605074
250.1578947368421,0.9431535875148052
250.33222079589217,0.21142819902946985
250.50654685494223,0.674530078926822
250.6808729139923,0.3326530545304787
250.85519897304235,0.30481040524026676
251.0295250320924,0.2807124566062538
251.2038510911425,0.6220107478483821
251.37817715019256,0.4088415813046442
251.55250320924262,0.19220072501875218
251.72682926829268,0.18751514422539364
251.90115532734274,0.17360408389411314
252.0754813863928,0.5075920061647257
252.24980744544288,0.5694935947025734
252.42413350449294,0.1922745663558729
252.598459563543,0.7958712031264873
252.77278562259306,0.6687329843738283
252.94711168164312,0.33318933970673315
253.12143774069318,0.6780086839043634
253.29576379974324,0.7082060208125782
253.47008985879333,0.34896752207016296
253.6444159178434,0.6183959669589923
253.81874197689345,0.35640640836552706
253.9930680359435,0.16947501361002848
254.16739409499357,0.4379563514893584
254.34172015404363,0.48879780346057267
254.51604621309372,0.23192591326425419
254.69037227214378,0.48087964627843083
254.86469833119384,0.274307899894327
255.0390243902439,0.6463188677950715
255.21335044929396,0.14046824638958957
255.38767650834401,0.36191015652782427
255.56200256739407,0.19582628078396117
255.73632862644416,0.18814247732764344
255.91065468549422,0.18910422390547013
256.0849807445443,0.25577709717047914
256.25930680359437,0.1107216500172652
256.4336328626444,0.08279845038535895
256.6079589216945,0.4023084310469561
256.7822849807445,0.21389433815646686
256.9566110397946,0.29716564409455903
257.13093709884464,0.3083733836049939
257.30526315789473,0.22138334142382393
257.4795892169448,0.34322047201074235
257.65391527599485,0.4167418336758745
257.82824133504494,0.47451246261059904
258.00256739409497,0.24158556994514316
258.17689345314506,0.21270742230920722
258.35121951219514,0.5876241211437575
258.5255455712452,0.11021897359889786
258.69987163029526,0.21295066187503223
258.8741976893453,0.28119566950484576
259.0485237483954,0.3207134403077751
259.2228498074454,0.27274877231489797
259.3971758664955,0.1619611334428757
259.5715019255456,0.10110387493922542
259.7458279845956,0.06169870515056371
259.9201540436457,0.2507626134731498
260.09448010269574,0.10161688040433618
260.26880616174583,0.3621089572467462
260.44313222079586,0.19682151391291663
260.61745827984595,0.213251927813239
260.79178433889604,0.0266831191589511
260.96611039794607,0.3390153763812095
261.14043645699616,0.33370841992177946
261.3147625160462,0.2649555878021295
261.4890885750963,0.387097730525551
261.6634146341463,0.2263887060416251
261.8377406931964,0.5711402374496816
262.0120667522465,0.21109544456924312
262.1863928112965,0.17960451279374942
262.3607188703466,0.1834854987803662
262.53504492939663,0.10917982593237607
262.7093709884467,0.2866551711642676
262.8836970474968,0.21772935271857513
263.05802310654684,0.28165655909724074
263.23234916559693,0.25651277812184803
263.40667522464696,0.4412551383676735
263.58100128369705,0.2654584586319787
263.7553273427471,0.5559486305815123
263.92965340179717,0.40177360105769944
264.10397946084726,0.3327610361778124
264.2783055198973,0.18518713271123508
264.4526315789474,0.3141385871702908
264.6269576379974,0.6527316994653656
264.8012836970475,0.3979020789258327
264.9756097560975,0.14883643161739799
265.1499358151476,0.2608794662020274
265.3242618741977,0.2613116487028025
265.49858793324773,0.522719661903396
265.6729139922978,0.4571616794699208
265.84724005134785,0.221912606014289
266.02156611039794,0.20302262188879316
266.19589216944803,0.5001741079970579
266.37021822849806,0.24047670418033387
266.54454428754815,0.24156325057838385
266.7188703465982,0.06659371732266177
266.89319640564827,0.23700196671926463
267.0675224646983,0.3402178315349506
267.2418485237484,0.18105261757180083
267.4161745827985,0.22331706207898414
267.5905006418485,0.351883515740811
267.7648267008986,0.3509199849619584
267.9391527599486,0.22616385458948554
268.1134788189987,0.09144841967102615
268.28780487804875,0.18606435207162758
268.46213093709883,0.30238444017592986
268.6364569961489,0.08027254824334251
268.81078305519895,0.22194751784927524
268.98510911424904,0.14400224252582366
269.1594351732991,0.5294556405873362
269.33376123234916,0.29248026943586575
269.50808729139925,0.25838213748216254
269.6824133504493,0.33005929498853287
269.85673940949937,0.09342917447595843
270.0310654685494,0.3373409276235306
270.2053915275995,0.23809558854285276
270.3797175866495,0.4693077901317383
270.5540436456996,0.34916985563714353
270.7283697047497,0.14234980222478508
270.9026957637997,0.11097242827032454
271.0770218228498,0.19580346052939637
271.25134788189985,0.28900416179228705
271.42567394094993,0.3858568954200428
271.59999999999997,0.49422517992942516
271.77432605905005,0.4173318138329526
271.94865211810014,0.11784180015830722
272.1229781771502,0.14410940883486303
272.29730423620026,0.5978310406207412
272.4716302952503,0.5092338703516841
272.6459563543004,0.08637843840957099
272.82028241335047,0.07867485740567172
272.9946084724005,0.25378130078857886
273.1689345314506,0.19331979528849555
273.3432605905006,0.25463441766285694
273.5175866495507,0.0451943227347557
273.69191270860074,0.23049453049617222
273.8662387676508,0.5784663012989685
274.0405648267009,0.28420963141283184
274.21489088575095,0.3998635592668842
274.38921694480103,0.19212703412244536
274.56354300385107,0.3130056293584816
274.73786906290115,0.19311154135967462
274.9121951219512,0.3102648536854643
275.0865211810013,0.7408848143605506
275.26084724005136,0.14382414804110258
275.4351732991014,0.34833365205247174
275.6094993581515,0.5379592902510959
275.7838254172015,0.26222486063827183
275.9581514762516,0.3224627453172285
276.1324775353017,0.2420470529161968
276.3068035943517,0.5127796428051146
276.4811296534018,0.22538092833286805
276.65545571245184,0.43371331091426246
276.8297817715019,0.1743026631876888
277.00410783055196,0.3265148345569303
277.17843388960205,0.13395459024155884
277.35275994865214,0.2993625425356026
277.52708600770217,0.26809268565026917
277.70141206675225,0.32542549356343126
277.8757381258023,0.36051918255967247
278.0500641848524,0.1473564436174775
278.2243902439024,0.19745902634972368
278.3987163029525,0.257294791625336
278.5730423620026,0.26814967584715604
278.7473684210526,0.16363452787329955
278.9216944801027,0.25338065124366477
279.09602053915273,0.8515087237909432
279.2703465982028,0.29810348760664224
279.4446726572529,0.27350617953536693
279.61899871630294,0.0746595442961993
279.793324775353,0.15970654424570868
279.96765083440306,0.4068807077009582
280.14197689345315,0.6470580502496378
280.3163029525032,0.193940111459304
280.49062901155327,0.06444012090551003
280.66495507060336,0.3593391237237083
280.8392811296534,0.1594398264687643
281.0136071887035,0.3774906027729342
281.1879332477535,0.15733495180408094
281.3622593068036,0.15127798550110863
281.5365853658536,0.6586776839182594
281.7109114249037,0.5635936792782235
281.8852374839538,0.12622791213073964
282.05956354300383,0.7716311160273293
282.2338896020539,0.19792512969104442
282.40821566110395,0.12579243793163275
282.58254172015404,0.4628141908805161
282.75686777920413,0.3201494008919967
282.93119383825416,0.1822887194682775
283.10551989730425,0.24632264371047902
283.2798459563543,0.4577217940395493
283.45417201540437,0.30376036499701137
283.6284980744544,0.6968439727142043
283.8028241335045,0.2693671842355837
283.9771501925546,0.051530581751837994
284.1514762516046,0.4286479195027583
284.3258023106547,0.10660153990027983
284.5001283697047,0.41508559049128574
284.6744544287548,0.19006452866776624
284.84878048780485,0.615605569106636
285.02310654685493,0.22025966080816814
285.197432605905,0.26764380540633054
285.37175866495505,0.18546184280751496
285.54608472400514,0.7505310307847076
285.7204107830552,0.2005080637012412
285.89473684210526,0.09707313556812762
286.06906290115535,0.49135088239072927
286.2433889602054,0.4233559134235186
286.41771501925547,0.4629906036139846
286.5920410783055,0.4160246917145071
286.7663671373556,0.08315956666115397
286.9406931964056,0.5303779001981123
287.1150192554557,0.15195857218301456
287.2893453145058,0.46695367655398734
287.4636713735558,0.12123958354810155
287.6379974326059,0.42430653426488124
287.81232349165595,0.2112560836648075
287.98664955070603,0.3500209314046304
288.16097560975606,0.7331506588682805
288.33530166880615,0.21768206059710332
288.50962772785624,0.5555865513870921
288.6839537869063,0.3112547818644566
288.85827984595636,0.869075896936299
289.0326059050064,0.5195229519680674
289.2069319640565,0.28297920840063845
289.3812580231065,0.15403784905611362
289.5555840821566,0.5329040628671262
289.7299101412067,0.6986337886266382
289.9042362002567,0.26148963492256455
290.0785622593068,0.6224660167654691
290.25288831835684,0.6173296115870996
290.4272143774069,0.35824561267624794
290.601540436457,0.43977465977871705
290.77586649550705,0.24233212521715092
290.95019255455713,0.8953206461505689
291.12451861360717,0.2009360849447801
291.29884467265725,0.30857707650252264
291.4731707317073,0.10459464445378894
291.6474967907574,0.7409126696382536
291.82182284980746,0.8722587238228079
291.9961489088575,0.14728543562035085
292.1704749679076,0.18532881048244618
292.3448010269576,0.8118839515604754
292.5191270860077,0.40783853679367804
292.69345314505773,0.11118833965606435
292.8677792041078,0.7363933186863874
293.0421052631579,0.09895369465805064
293.21643132220794,0.533459809984302
293.390757381258,0.5230657962255882
293.56508344030806,0.5900650380582756
293.73940949935815,0.3070730430451013
293.91373555840823,0.5594340138907472
294.08806161745827,0.5214423137958599
294.26238767650835,0.34414460876506203
294.4367137355584,0.3846782233791256
294.6110397946085,0.5827801394708143
294.7853658536585,0.2595797864041037
294.9596919127086,0.5109163446534618
295.1340179717587,0.624754777223887
295.3083440308087,0.8400793865720872
295.4826700898588,0.6673975767077612
295.65699614890883,0.33456100019710966
295.8313222079589,0.5219490704655819
296.00564826700895,0.15847487193931975
296.17997432605904,0.2799387397503984
296.3543003851091,0.48313577976169
296.52862644415916,0.05991597005919405
296.70295250320925,0.11918945469240008
296.8772785622593,0.6445668392834911
297.05160462130937,0.13293791604814378
297.22593068035945,0.7660034606687297
297.4002567394095,0.42152500705689994
297.5745827984596,0.13953538133311372
297.7489088575096,0.3319827020336053
297.9232349165597,0.4609115424647297
298.0975609756097,0.5084171835707659
298.2718870346598,0.1574160685082216
298.4462130937099,0.4045589060822028
298.62053915275993,0.6023944464272235
298.79486521181,0.48126777506459645
298.96919127086005,0.10237546463233899
299.14351732991014,0.8628813479544937
299.31784338896017,0.3894980529660146
299.49216944801026,0.03835009365792906
299.66649550706035,0.45916121339610705
299.8408215661104,0.2946651959445558
300.01514762516047,0.6236645135624099
300.1894736842105,0.5565043024553021
300.3637997432606,0.39186422112615815
300.5381258023107,0.29191022987439524
300.7124518613607,0.5819038758511629
300.8867779204108,0.3291478453234773
301.0611039794608,0.5929518157158002
301.2354300385109,0.09829365086999013
301.40975609756094,0.14017681559163617
301.58408215661103,0.5377613104173227
301.7584082156611,0.22565125493287544
301.93273427471115,0.3355503712355226
302.10706033376124,0.38895047236624936
302.28138639281127,0.5154479052162528
302.45571245186136,0.6804846919579178
302.6300385109114,0.2689525174318738
302.8043645699615,0.4778197214622573
302.97869062901157,0.26978966295455886
303.1530166880616,0.48442707581358607
303.3273427471117,0.37028431919336774
303.5016688061617,0.24124504913526418
303.6759948652118,0.7244741178011884
303.8503209242619,0.11938162037379613
304.0246469833119,0.12464475905115574
304.198973042362,0.2927661888700012
304.37329910141204,0.29872284560248147
304.54762516046213,0.2720940461845387
304.72195121951216,0.2642970130893995
304.89627727856225,0.4513123351294553
305.07060333761234,0.28237867999901456
305.24492939666237,0.4667634602071267
305.41925545571246,0.4238905199689487
305.5935815147625,0.9091244677620512
305.7679075738126,0.3361801793880829
305.9422336328626,0.13820221439612979
306.1165596919127,0.36836125622474514
306.2908857509628,0.1939922619344536
306.4652118100128,0.4812884644562709
306.6395378690629,0.3784108240166678
306.81386392811294,0.3763751845403115
306.988189987163,0.05472745861470165
307.1625160462131,0.6827670603214137
307.33684210526314,0.5364525548302719
307.51116816431323,0.7543662249890623
307.68549422336326,0.3120881423211281
307.85982028241335,0.35023011863142683
308.0341463414634,0.5009304351510955
308.2084724005135,0.2801193537341398
308.38279845956356,0.9852978161979906
308.5571245186136,1.337774042959593
308.7314505776637,0.510041697395623
308.9057766367137,0.6741444985902753
309.0801026957638,1.0637623921751105
309.25442875481383,0.9790278077748358
309.4287548138639,0.14110818473681305
309.603080872914,0.5872501408968789
309.77740693196404,0.6633091180550743
309.9517329910141,0.7065287361016618
310.12605905006416,0.7072588009318233
310.30038510911425,0.31422061774792576
310.47471116816433,0.24400773872037734
310.64903722721436,0.5711329734350934
310.82336328626445,1.1780323577990932
310.9976893453145,0.9270638464688999
311.1720154043646,0.3486479765873005
311.3463414634146,1.0515855800019123
311.5206675224647,0.3809089317187662
311.6949935815148,0.6801352874906471
311.8693196405648,0.4020872186294436
312.0436456996149,0.44665378660765387
312.21797175866493,0.24868014023271445
312.392297817715,0.9162338116885734
312.56662387676505,0.797778545739848
312.74094993581514,0.6651058876977983
312.9152759948652,0.4398382940000739
313.08960205391526,0.932175364981623
313.26392811296535,0.22623353326126472
313.4382541720154,0.19197936073767186
313.61258023106546,0.4133102983596343
313.78690629011555,0.2256973294750668
313.9612323491656,0.8703452119910153
314.1355584082157,0.35442355598710146
314.3098844672657,0.30304582559324983
314.4842105263158,0.3992262737123937
314.6585365853658,0.18852421435934053
314.8328626444159,0.304071951706743
315.007188703466,0.7610827503992037
315.18151476251603,0.5689207901404277
315.3558408215661,0.36405829379045984
315.53016688061615,0.7115214695068377
315.70449293966624,0.2524910444242657
315.87881899871627,0.25949429036414834
316.05314505776636,0.6212985607642083
316.22747111681645,0.4844987812479378
316.4017971758665,0.4778742468438713
316.57612323491657,0.5574793868589665
316.7504492939666,0.14471587780222617
316.9247753530167,0.7428605691051496
317.0991014120667,0.2799515228434309
317.2734274711168,0.6264979983686702
317.4477535301669,0.45084065371948906
317.6220795892169,0.7713226963564136
317.796405648267,1.4896924354069512
317.97073170731704,0.9556530003925191
318.14505776636713,0.7516842125358502
318.3193838254172,0.6614069900971701
318.49370988446725,0.38423097686323004
318.66803594351734,0.9907439452043982
318.84236200256737,0.7015346333342393
319.01668806161746,0.5704641664705312
319.1910141206675,0.060775372226890174
319.3653401797176,0.4927812587663518
319.53966623876767,0.4472980326896326
319.7139922978177,0.5768651185126927
319.8883183568678,0.08127595829496795
320.0626444159178,0.6003985052882034
320.2369704749679,0.6859062778809525
320.41129653401794,0.3107799549871168
320.585622593068,0.47111770371104106
320.7599486521181,0.4609859283385429
320.93427471116814,0.5043737140819231
321.10860077021823,1.4101701309478358
321.28292682926826,0.2390164990968315
321.45725288831835,0.45378534605424514
321.63157894736844,0.5115077438379324
321.80590500641847,0.6178900133656317
321.98023106546856,0.463733672794685
322.1545571245186,0.7358980829714238
322.3288831835687,0.27649642737695046
322.5032092426187,0.13537750758670353
322.6775353016688,0.6716154021497214
322.8518613607189,0.5969309444085515
323.0261874197689,0.2272229036329969
323.200513478819,0.7441317553817607
323.37483953786904,0.5292348693067896
323.5491655969191,0.9285122703761407
323.72349165596916,1.7916412705302651
323.89781771501924,0.5397572988261299
324.07214377406933,0.5660782095650857
324.24646983311936,0.4443741226825553
324.42079589216945,0.29643650916963055
324.5951219512195,1.135704673019222
324.76944801026957,0.44858636362263377
324.94377406931966,0.9536527113185683
325.1181001283697,0.8452316787482872
325.2924261874198,0.38564325731444266
325.4667522464698,0.7731135960598089
325.6410783055199,0.34587241985015826
325.81540436456993,0.7546010161875758
325.98973042362,0.7753087931932516
326.1640564826701,0.6959472844692423
326.33838254172014,1.097515994502196
326.5127086007702,0.6037059262566455
326.68703465982026,0.3729874071585282
326.86136071887034,0.19481642729100623
327.0356867779204,1.425607014072069
327.21001283697046,0.5612621247149374
327.38433889602055,1.2361663937458325
327.5586649550706,0.9560453674602034
327.73299101412067,0.1421104231277199
327.9073170731707,0.7913440535391644
328.0816431322208,0.2998666394757204
328.2559691912709,0.9905468045132699
328.4302952503209,0.9704860766312484
328.604621309371,0.07427808227376129
328.77894736842103,0.4501292918154653
328.9532734274711,0.4462710610334749
329.12759948652115,0.363994674512336
329.30192554557124,1.365411917579464
329.4762516046213,0.5884124644604609
329.65057766367136,1.1007279336431686
329.82490372272144,0.540068585347018
329.9992297817715,0.5657153572542116
330.17355584082156,0.4618675314355452
330.3478818998716,0.4374464344305283
330.5222079589217,1.0488099428564335
330.69653401797177,1.2207938120134056
330.8708600770218,0.6314338752491763
331.0451861360719,0.5524696567073959
331.2195121951219,0.6811126726722985
331.393838254172,0.6959365494690812
331.5681643132221,0.7262249961959464
331.74249037227213,0.3718337885558346
331.9168164313222,0.26781498324664843
332.09114249037225,1.157829224099391
332.26546854942234,0.4740515224341496
332.43979460847237,0.4681347717448277
332.61412066752246,0.21545230735942592
332.78844672657254,0.5356946855634429
332.9627727856226,0.37633661994760426
333.13709884467266,0.9394408458624933
333.3114249037227,0.6471779383874328
333.4857509627728,1.3501834003785456
333.6600770218228,0.432485042932557
333.8344030808729,0.21184549443802606
334.008729139923,0.9210017849739138
334.183055198973,0.9666564044373135
334.3573812580231,1.056616366170626
334.53170731707314,0.2764456149159337
334.70603337612323,0.8984249436504977
334.8803594351733,0.49490393648575104
335.05468549422335,0.7339981079579511
335.22901155327344,0.37246507347638724
335.40333761232347,0.22970903478954638
335.57766367137356,1.0246226667539204
335.7519897304236,0.14812200958048558
335.9263157894737,0.4316310613171648
336.10064184852376,1.0240461796596805
336.2749679075738,1.1803494617610912
336.4492939666239,0.24216514495718497
336.6236200256739,0.19973643779688738
336.797946084724,0.681878598340575
336.97227214377403,1.0839535793149655
337.1465982028241,0.7390302027323192
337.3209242618742,0.8580902666508393
337.49525032092424,0.22629200780940295
337.66957637997433,0.7818934959466808
337.84390243902436,0.36294542688557496
338.01822849807445,0.5053936558234143
338.19255455712454,0.41892379635492133
338.36688061617457,0.4790929247696109
338.54120667522466,0.5995555482073279
338.7155327342747,0.4478918315080002
338.8898587933248,0.44190703606371845
339.0641848523748,0.5429594752931667
339.2385109114249,0.7138470835590168
